pdbid,-logKd/Ki
1abt,5.85
4ngs,8.12
4yp1,5.04
4cpt,7.7
1zpb,6.07
3piz,5.46
4e3f,2.52
1r6g,9.21
3iwy,7.28
4ybm,6.85
2xaf,4.64
3lp1,6.92
4zo5,9.82
1af2,3.1
1i7z,6.4
2x97,5.66
4bdc,4.93
2aoe,7.62
4ks1,8.82
4meq,3.6
4f6v,5.8
1tog,3.22
2xxn,6.41
1xh9,7.77
4udb,9.15
3doy,5.82
2lya,4.19
4ith,6.5
5bvf,9.72
3i7g,6.37
3zqt,4.41
2bq6,10.15
4pxf,3.1
4g8l,8.0
2yit,9.54
2xhx,6.6
2ccc,7.76
1ru1,4.74
4kom,7.0
1ajn,2.63
2xj1,7.55
4c1c,4.97
2vcg,5.77
4cxx,5.68
2yc3,6.85
4ca8,6.68
3ftq,5.33
2p33,7.24
1mn9,4.62
3i97,5.52
4h5d,6.24
4h3a,6.29
1i9n,8.66
4b2d,3.7
4ehg,7.19
1him,7.7
3ovz,8.06
3ivh,7.33
3pp0,7.96
4km2,5.84
1qhc,7.57
5boy,5.6
3k3i,5.72
4wa9,8.42
4cxy,4.93
5efc,4.85
2qdt,5.19
1zz3,6.54
3o5n,4.76
4yee,6.49
3ga5,5.49
3g6m,1.71
3tkh,7.33
3f18,7.4
4u0s,6.8
4al4,6.89
2ri9,3.22
4lno,2.62
1qx1,2.12
1rtl,5.59
3rxm,3.63
3wp1,4.85
1p01,9.46
1uk1,7.22
4p6c,4.0
1mrs,3.96
3jzh,3.4
1ida,8.7
4dpt,7.3
3lbk,6.04
4yyi,4.19
1w8m,1.6
3tjc,7.51
3zbf,7.52
3mxe,10.01
2v10,9.4
2ony,6.68
4ogv,8.05
2pu0,7.82
2b7a,9.0
4twt,8.0
5ar7,6.49
4o78,5.34
3iw6,5.48
1ym4,7.41
5aia,5.2
1o6h,6.73
3fmr,7.97
4ok5,4.51
3zsz,2.7
1oif,7.72
3el1,9.64
3bwj,6.5
2exc,6.63
1gbt,2.0
3g2v,6.52
2zhd,6.54
2ylc,7.89
4rd0,6.62
4ra1,5.94
5ah2,10.08
4j1p,7.05
4fyh,4.85
1dbj,7.68
3ik3,8.7
4fl3,3.82
4xkx,9.05
1b5h,6.01
4pv5,6.54
4cgj,2.84
4npv,7.46
4i0r,7.85
4e8y,6.09
4tpw,4.69
1ndj,12.16
3qfd,4.17
2vx9,7.44
4g0z,2.21
3dek,7.57
1ule,5.92
4xhv,4.3
1msm,10.48
2yb9,9.22
2gg9,5.46
4ks5,6.89
3v66,8.89
3x00,9.08
2vew,7.19
3shv,6.66
4r5b,6.73
2k0g,6.97
3tyv,8.1
1n2v,4.08
4nra,4.19
2ydv,7.86
2v83,4.47
3asl,5.76
2w92,4.55
1xom,7.96
3fv3,9.52
1ocq,5.19
2hz0,6.48
1laf,7.85
3hu1,6.89
3fl9,1.11
2gvd,7.0
1nok,3.15
4hva,5.89
1pxp,6.66
4lp0,8.0
4mm6,6.69
4gm8,9.0
1c3r,6.4
2i7c,5.07
3qkv,7.44
4ipi,5.32
1a0q,7.57
1hvr,9.51
4m2w,7.28
3s0n,6.74
3fjz,4.05
3r9o,4.0
1nc6,8.0
2e94,8.0
4rj8,7.77
3a29,7.89
4usj,4.0
3wtn,7.04
2gga,1.96
3sh0,5.66
4mg8,6.48
4o70,4.72
4yv2,7.29
3d62,6.1
3b7r,7.7
3rti,7.37
1uu9,5.4
1fki,7.0
3br9,7.21
1jd5,6.62
1w7g,5.1
2weh,5.95
3bkk,6.08
4b9w,4.17
3hmv,7.3
4cwf,4.49
2v54,4.6
4do4,7.29
4wmv,4.03
2yiv,2.78
2vey,7.37
4jlj,6.13
3lfn,5.5
2r03,5.15
4txe,5.62
1a4w,5.92
1aid,4.82
1xlz,6.02
4pms,8.1
2rjp,7.0
3gcs,7.25
4b95,4.28
3wci,6.57
1azx,9.4
1zh7,6.3
4r6t,7.52
1d6s,4.11
3sgx,5.49
4h2o,5.52
3jzg,4.4
4fiv,6.52
2fme,6.98
2vtj,5.72
4jzd,8.3
2kp8,4.0
3m2u,7.0
3n6k,6.74
4zsp,5.74
4jxw,4.72
3cjo,8.66
3te5,4.91
4nhc,7.34
3c2u,2.9
3met,6.0
1biw,6.98
2e9d,5.89
4g2f,6.8
4e28,5.89
1xfv,3.89
3qw7,5.74
4ogi,7.43
3old,5.9
2jjk,8.05
4u6c,5.0
4mx0,6.73
3ro0,4.5
4myd,4.55
2hm1,8.7
2psu,7.62
3lq4,5.22
2ggb,4.92
4xh6,5.57
2aod,5.66
3gxz,7.89
3l0v,7.64
4u79,6.4
2xjx,9.15
1ur9,5.77
5afx,5.92
4cj4,3.36
3eou,7.01
5cte,7.8
1o45,9.6
4gq4,7.66
4nnw,6.61
2vuk,3.9
2wl4,4.19
2xm1,5.07
3vva,9.32
4f63,6.3
2gm9,7.39
1ung,6.8
5c8n,7.55
1w96,8.41
4uwl,8.57
3v6s,9.12
3dp0,5.85
4ayx,3.7
3pka,6.27
4m5r,3.0
1bn1,9.34
4mbc,6.4
2y1g,6.15
1g54,8.82
2pr9,7.37
3lpg,6.16
3g2l,3.87
4heg,8.92
3oe6,8.09
1a5v,3.1
4kiq,7.64
3wz7,5.74
3nyd,3.48
4eny,7.05
4ph4,7.74
2fzk,3.6
3sl1,3.59
1i72,7.26
2f89,6.48
2hqu,5.14
4mmm,3.82
3fa3,5.6
3bu1,8.15
2o9a,3.81
3k1j,6.4
3v43,4.63
4k9g,5.82
2gh6,4.95
1oko,4.54
2qnx,5.62
1p03,8.19
4m2u,8.04
1i6v,5.0
4de7,4.8
1b74,1.3
3b3c,3.98
4g0q,2.52
3mpt,6.6
4hlc,6.76
1tl9,5.52
3ejt,7.36
1t7f,5.74
4ocx,11.44
1eb1,10.43
2ojf,6.96
4jmg,8.82
1owd,8.2
1e1v,4.92
3m37,9.04
3dpe,7.24
3r6u,4.52
2gss,4.94
4dhn,3.89
4a6b,8.38
4mg5,5.34
1gaf,8.0
3qgw,5.89
3ts4,8.72
1ew9,3.22
4ahv,1.82
2xl2,5.25
4k8a,4.02
5bvd,9.8
3at3,8.04
3tam,8.43
4av4,7.03
1k4g,5.85
4uvu,5.92
3hnb,5.11
2q6h,3.6
4os5,4.63
4mmp,7.71
3ekw,7.96
2h03,7.05
3ehn,1.92
4ww6,10.21
3c9e,8.0
4nkt,5.97
3zls,4.4
1l5q,3.97
2q9y,4.44
3k4d,5.11
1gux,6.96
2mnz,5.19
2xb9,6.77
2gz7,6.52
2x39,8.66
3e01,7.52
3od0,7.92
5cbs,5.41
2zyn,5.92
3uw9,4.56
1vjc,3.58
1h2k,2.92
4qer,7.54
3cso,5.77
5aoi,3.03
2qk5,8.1
3u3f,5.1
2os9,2.24
4e6d,8.92
2uw8,4.11
2p53,7.46
4gj9,3.3
1sve,8.3
2euk,6.6
4ofb,5.43
1q4k,6.55
1qsc,3.68
4hv3,3.94
4dzw,7.89
1f8a,5.0
4jfx,6.44
3mt8,4.55
4ymq,5.8
4nwd,5.4
1bxl,6.47
3vru,10.0
4b32,3.34
4gng,3.54
3rni,5.17
2jq9,4.48
4ido,4.93
3wp0,4.99
5cbr,5.74
4dmn,5.64
5ajy,6.3
4mao,7.33
1duv,11.8
4wz5,5.51
1o3l,6.54
1gzg,3.05
2nsj,4.79
2w5g,6.07
2puy,4.52
3g2k,4.79
5afl,3.4
3sl4,7.57
3nti,5.22
3lk8,7.71
2arm,7.68
5bvk,4.0
2y7k,4.93
3sm0,6.13
4wq3,7.0
4acx,7.11
5ece,8.05
3tdu,5.67
4r18,7.68
4bde,4.8
4izm,6.66
3opm,6.62
4a7i,8.7
1ybo,3.8
3n4l,7.23
2xab,9.27
3po1,4.02
1h6e,6.15
3da9,5.51
3hmp,5.49
3sdg,5.55
1vwn,5.82
2ynn,5.17
2x6f,4.59
3lil,8.08
3l3q,7.27
1tps,8.0
3abt,4.77
2oc2,8.52
4x8o,6.6
4j8m,7.32
4oc3,8.28
1tx7,4.6
4mnp,7.34
1kwr,6.6
5cbm,7.77
3mqf,5.24
2g2r,7.89
3kqm,3.77
5aly,6.73
3a9i,4.15
4oti,7.37
3s53,9.64
1v2j,3.25
4bib,6.6
2jqk,3.4
5cxz,6.26
3gba,9.07
3u7n,7.95
3g6z,9.7
4zls,9.09
2w16,10.0
3o1g,9.0
1pme,9.4
4fp1,4.57
2peh,5.96
4hy0,6.7
3pdc,7.49
4ab8,3.87
2pzy,7.47
4bps,2.99
3uxk,4.93
1t4j,5.1
1w31,3.6
4g69,5.98
1afl,6.28
3kaf,6.08
3juo,5.07
4hvg,7.77
1e6s,3.22
3v3l,6.43
4trw,4.14
4yne,8.52
5ak6,3.49
3v3q,6.6
3t2q,3.66
5egm,8.62
4e4n,9.05
1tow,6.24
3otx,4.53
1pfy,8.15
4hlm,6.77
2y59,6.44
3m67,6.74
1d4j,8.36
5cnj,6.84
1uti,5.62
3tvl,4.0
4flp,6.72
2qo1,5.57
2x7t,6.63
4abu,6.28
1kfy,5.28
2vb8,4.6
1cx9,6.75
3ipa,6.22
4p00,6.4
3c89,6.07
3t09,3.8
3fzt,6.2
3bvb,5.49
3e7b,9.8
4i7d,7.0
3n35,3.37
4igq,4.52
2igv,2.23
4aia,3.66
2vw2,3.3
1rsi,4.42
1aqi,5.62
4ie0,5.08
4cpz,7.68
1szd,4.54
1h1b,9.8
4qsk,5.1
4tuh,4.0
2uwl,8.4
3fwv,5.64
2gvz,6.89
1qm5,5.82
2who,7.7
3su6,6.02
4k42,6.55
1sle,6.17
3a1e,2.66
1prm,4.23
3cj2,4.85
1o34,5.74
4o91,6.83
3zk6,6.34
4ge2,6.05
2emt,6.7
2r5b,8.6
4tya,2.39
3uij,4.7
1g45,8.64
4eqf,6.81
3wsy,6.36
4wkt,3.26
3wpn,4.36
3btc,5.75
2bmg,7.74
1b42,4.01
3ztd,4.02
4jq7,6.41
5e1s,7.92
4hyu,8.21
3drp,9.7
4o5g,4.3
3k05,4.85
4pax,6.4
4jfi,4.74
4yik,6.89
4ool,6.85
2gsu,3.59
4b83,5.15
4hco,4.32
4x47,2.85
4m5j,4.84
4j08,6.66
3co9,8.0
3itz,8.85
4b5s,3.49
4jc1,4.3
1qy5,6.7
1uwf,6.82
2x8e,7.85
4gqq,2.89
2vwf,5.06
1tl7,7.92
2y82,8.4
4yrr,2.7
1o32,5.74
3u51,5.51
4q4i,7.33
4edu,3.99
1z2b,6.4
4u0g,5.29
1qbt,10.62
2h2g,5.04
2xog,3.43
2rkg,8.09
4rww,5.85
4nat,6.48
4qlq,8.18
2v59,7.74
3rak,6.89
2weo,6.93
3m8t,4.0
2w1h,7.28
4anm,7.55
4p4j,6.15
3djv,4.55
4jit,6.64
4b6p,7.13
3zrk,6.89
3v5t,8.22
1azm,6.1
2zxg,8.82
3vrt,8.57
4s3e,6.11
4eqj,5.6
4wtu,9.52
4aa0,7.46
3moe,4.3
2qhd,5.38
2j79,5.96
2qn3,5.36
3d50,4.77
1li3,4.25
5boj,7.0
4jfe,4.51
3k99,7.22
2gv2,8.3
1ai4,2.5
3vzv,8.04
1str,4.77
2wzx,6.0
2xcs,7.85
3czv,7.8
1j36,7.74
3u3z,5.36
3bzf,4.52
3wv3,7.62
5a5r,5.9
4xya,5.86
4b84,4.66
2hkf,6.38
3ebh,6.32
2k0x,5.68
3mbp,6.8
1ow4,5.68
4xm7,3.57
3dx4,7.12
5cao,7.42
3khj,7.55
1juf,5.85
4af3,7.51
4rxz,6.74
4ucd,4.0
1ke1,7.25
4z0q,8.17
2veu,7.0
2uxz,8.48
2ewb,6.1
3tv7,7.52
3nu6,9.3
3ikg,7.24
1xs7,7.6
2qpq,6.37
1t5a,4.62
1y2a,7.34
2x96,4.03
1n7m,5.71
2bcd,10.22
3eju,6.6
2vf6,8.52
2zg1,2.1
2xy9,9.19
3apc,7.44
1ssq,6.0
3vhc,8.89
1pig,9.15
4oks,4.48
2yjc,7.66
1my4,6.98
3wjw,3.87
5agv,9.7
1oe0,5.16
3kac,3.13
2rnx,3.4
3ikd,6.75
5c6p,3.7
6rsa,4.4
4f39,5.7
2pv3,5.25
3n2p,7.82
4qfo,4.27
1nnk,5.46
2oh0,7.74
4ok3,4.15
4ddl,8.31
5d1s,5.02
2c5o,5.19
4dsu,2.82
4mpn,6.62
2aa6,9.41
3nfl,4.38
4kif,4.84
2zoq,6.05
1way,3.4
4k5m,3.71
3m56,4.15
3ad7,2.52
5azf,4.44
3nww,8.15
1qxz,4.72
4igr,7.2
3w55,7.1
1ugp,2.89
1pot,5.49
4f1q,4.95
3zi0,7.4
3ska,7.49
4qgf,7.16
3i6o,10.35
1nz7,7.12
4hdp,7.51
1gnj,7.04
1oeb,6.93
1ndv,5.92
3qcs,6.5
3rz8,8.17
4pul,6.84
2osf,3.83
4civ,4.95
3hwx,7.86
1py2,7.22
4qiz,8.15
4lg6,6.74
3fyj,8.3
3nik,3.45
2vzr,4.28
3tc5,5.17
3t1n,6.1
4xhk,8.3
4bkj,8.72
4x9w,6.85
3q6k,8.37
3kqc,8.66
3rz3,5.76
2qi7,10.21
2wbb,6.04
4n70,12.0
2kmx,4.08
2xgs,3.28
4ge6,7.47
1d8f,7.74
3ayc,4.24
1utj,3.84
4wyy,6.0
4b5w,3.33
3we4,7.82
4qoc,9.92
3v5q,7.4
4jpe,7.32
4xmo,8.7
3k8q,11.28
1v1m,3.94
2vd7,5.38
4og8,7.25
5aad,6.67
1uh1,5.48
3d9z,8.7
4mpe,6.37
4r6w,5.27
4z1s,6.1
3cl2,7.59
1srg,5.3
4ufl,2.64
2wig,3.43
3h0s,6.2
4de0,5.89
3n8k,4.05
3g30,2.51
3mxc,6.54
2qcd,3.4
2jle,6.42
3i3d,1.99
4hso,4.66
4aj1,3.11
3aw0,5.24
4xyn,5.89
3tz4,5.49
2pql,7.28
5dk4,8.7
4fpk,4.24
4utx,5.24
2y4s,6.15
1eoj,13.77
1ahx,3.92
2j4k,4.85
2srt,6.64
1usi,6.74
1n1g,2.3
2f2h,5.7
1w1d,6.52
1xm6,6.38
1a5h,6.3
4ret,7.59
2m41,5.1
3vhv,6.29
1x9d,3.96
5ar5,6.3
2gqn,5.35
2vd4,4.74
1x8t,7.8
4l7h,3.7
3s3m,7.4
4wy7,6.78
4rn4,6.94
1ql7,5.0
1nax,6.43
4irx,6.12
1i8h,4.54
1nq7,6.8
4rx7,8.3
3g6h,8.19
5a3u,8.32
1d4t,6.19
4l4l,8.3
1f28,7.8
1awf,6.01
3h0a,7.48
1xt8,6.85
1hbv,6.37
3vf7,9.1
3l5f,6.22
4qwf,6.0
1o4n,1.4
4exg,8.07
3udy,5.7
4wvl,6.88
1g3f,6.37
4own,4.22
3l08,10.22
3nu9,9.05
1x6u,3.22
2vc7,3.36
1h5v,3.93
1t7r,5.96
4i0s,7.44
2xgo,3.0
2zns,6.54
4u6e,3.3
4b9z,4.09
2w8w,2.12
4e96,6.66
2dq7,8.32
3rtn,7.13
3p78,6.96
2xln,4.48
4u5s,2.41
4aw5,6.12
2cex,4.7
3szm,6.4
3w1f,8.44
1v48,7.8
4ty1,9.26
4rx8,7.46
2hah,8.0
3rzb,4.0
2z5o,6.0
1vfn,5.6
1waw,7.89
3w9r,6.18
4lxz,6.74
4cg9,6.21
3c2f,2.0
3k02,5.0
1o2s,5.47
4mgv,7.12
1c8k,6.0
4mra,4.47
4orx,3.53
2hnc,7.22
4ijl,3.87
2ai7,6.4
1zkl,5.09
4oee,5.76
2a4m,4.52
3hqw,7.46
4raq,6.72
4el9,5.36
3g45,8.36
4gvc,4.71
3m3o,3.6
3lqj,5.37
1ylv,2.7
2lnw,5.85
2xzg,4.74
4m5n,5.12
2vex,6.74
5ap6,7.88
3oe8,8.14
2zdn,6.25
2gv6,7.34
3jzb,9.01
3kdb,9.85
1tng,2.93
1qm4,4.3
3qtv,4.65
3di6,7.0
1mzs,5.15
3khv,1.85
5dgu,11.35
3cke,6.1
1c85,4.64
4g2y,6.0
1yw2,6.85
4o9w,7.16
4cd5,6.71
1lox,5.52
2zx9,10.27
2z4o,9.57
4xnw,7.74
3atu,8.3
4b85,4.06
4a7b,7.4
4b6r,5.85
4k1b,11.52
4lm3,2.92
4bcw,4.0
4wwp,6.92
4fxp,4.09
3hha,7.9
2uy5,5.49
1c86,4.7
3qlc,5.43
2rox,4.98
4od7,5.08
2x4r,4.77
2rny,3.66
4um1,5.77
1y8o,5.89
4kzb,2.89
2zx7,10.49
3as0,4.55
3uwk,4.24
4ejl,5.14
2v85,4.46
1x8d,2.21
4yef,5.35
1lhd,9.62
4wf6,6.3
3qtr,6.03
2qky,9.61
2z94,5.85
4hxm,6.1
2vcx,7.68
3zxz,8.4
2fqt,6.14
3btj,5.62
1fwu,3.7
2ghg,8.82
1zky,6.25
4wsy,7.77
4bfy,6.92
4b35,2.89
4os4,4.87
3kyq,4.22
5aag,7.34
3cvk,8.0
3qem,7.22
1d09,7.57
2xey,5.19
3wk4,5.13
4agd,8.41
2o1c,4.72
5akj,5.86
4o71,4.74
1bp0,5.4
4yuy,3.34
2qi4,10.44
4azf,6.35
1v0m,5.1
1ux7,3.0
1lhu,8.83
4pv0,9.07
4l31,6.79
3vf3,5.86
4nzn,6.38
4n07,6.46
4hra,10.1
3q6s,6.74
4k5n,3.9
3ezr,5.0
1o3p,6.66
4qsx,1.74
4kc4,3.23
3pdq,6.74
2iqg,8.3
2f7o,7.44
2lyb,4.46
3peq,7.5
1b11,7.39
3db6,6.14
4k6t,4.1
4dkp,5.72
4nxs,7.37
2fai,6.24
4u58,2.0
1jil,8.4
4few,5.21
3h0b,5.49
2xf0,4.52
5ccl,4.77
3rum,5.77
4os6,6.44
3e3b,7.96
3q92,7.92
4cwn,5.59
3mho,6.49
3n1w,3.3
4b4g,6.76
1kzk,10.39
2yoj,8.3
2jfh,3.06
2g0h,7.64
3r7q,6.97
4c4h,8.22
2etr,6.82
2f70,4.47
4jdf,2.19
1rwx,7.37
2qc6,7.0
3k5g,8.6
3rz9,6.92
3oap,6.26
1ru2,6.49
4kp8,5.48
4r0i,6.52
2upj,7.39
4a4h,2.77
4ruu,7.54
1my3,5.4
4hzw,8.88
2fde,9.15
4wke,8.1
3oev,8.13
4h81,5.12
4m3d,5.41
4i9i,8.1
1bdl,5.85
3p4v,5.1
1pr5,3.92
3fea,7.44
4d1b,4.44
4kz8,2.8
4mdn,6.22
4j4o,6.9
4kwo,6.45
1om2,4.7
3iux,7.6
3hmm,7.6
1ado,6.0
2p9a,5.18
3ksl,4.52
1m0q,3.89
4d63,1.64
1bwn,7.06
2vwm,7.03
4n7u,6.29
2gnh,6.83
2fqx,7.15
4d2t,6.0
2fqy,6.57
1y0x,8.7
3eos,8.4
3tia,8.51
3nok,4.19
3ctt,6.35
4nbk,3.87
3b24,4.38
4zpg,7.26
3dba,8.0
1pg2,4.96
1fta,6.36
4ocp,6.1
2cmb,7.19
1owe,6.2
4cfv,4.63
1g9c,5.3
3kdt,6.59
3upx,8.12
4lv2,8.0
3mke,5.66
1pyn,5.49
2q2y,8.8
4qge,9.3
2op3,6.31
4qfg,5.48
3thb,8.7
4hj2,2.53
1gwr,6.6
4w50,5.85
2b07,6.43
3ro4,6.23
4ds1,4.75
1l6m,8.1
1bky,3.84
1yqy,7.62
4bt5,2.76
3el9,8.4
3rq7,7.77
3znr,7.44
4bt3,3.12
2cia,6.43
4j24,7.3
3fzy,6.74
3m5e,7.37
3v8s,6.19
2qft,5.26
4y7r,5.03
1ph0,6.92
3avf,3.53
1qw7,3.6
4gja,5.92
4h71,4.45
2ccs,5.7
3vw7,8.1
3uvk,6.8
2ovy,8.4
1yfz,4.35
4jck,2.37
2g1q,7.36
3sw9,5.38
3mb6,7.0
3eb1,4.79
1e06,5.6
2vtt,7.36
2gbg,7.25
3zh8,6.47
4aig,6.52
2izl,6.0
4dkt,4.8
1n7i,6.59
2w6c,8.41
3dtc,7.59
2r3g,6.1
2d41,6.82
2p4j,8.96
3t03,6.8
4ytf,8.15
1zlv,6.15
4d8z,6.29
1yw7,5.85
2gzl,4.82
4b0g,7.82
2xc0,6.72
4hvb,9.95
4mk1,4.8
5c8m,7.19
2wxm,7.4
2byi,6.34
2w7y,6.08
4cjn,4.76
4aa4,8.05
3zcz,6.77
3iiw,4.44
1noi,3.15
4gbd,11.32
2xwy,5.22
4y3b,4.87
1hih,8.05
3nus,3.51
4oow,5.37
4ylk,6.74
2kff,3.61
2vcb,5.26
3hyf,5.92
2w67,4.96
4joo,4.43
3qkk,6.52
4x6o,8.72
4ngm,10.35
5am0,5.88
5cau,8.8
3bg8,5.89
1h2u,7.89
3nf6,3.53
3s9z,6.22
1fsw,6.49
1nki,6.7
3wti,5.9
4ad3,4.62
2q8s,6.73
4eos,6.05
4cc6,6.64
2jb5,9.22
3kc1,9.0
9icd,3.9
2psv,7.24
1d9i,9.11
4fs4,6.57
3v31,5.8
5ai5,7.03
2hxl,7.92
4ufj,4.28
4ury,2.22
4u69,4.26
1o2k,6.92
3wk6,5.2
3r21,6.74
4xe1,7.11
2j7f,6.35
3rv8,4.92
2wyn,5.55
3t0t,7.04
3fmq,7.95
3bbt,6.15
1w11,8.22
1pbq,6.27
3sad,5.96
1iky,8.26
4hwp,7.76
4imq,5.82
2pvk,8.3
3v6r,6.15
2r5a,2.6
2wxv,8.7
4ipf,7.74
2rkm,3.9
4w7p,7.49
3l0n,2.77
4wpf,6.6
1xn0,6.24
2am2,5.1
4rcd,9.15
3okp,4.72
3are,6.21
4q2k,7.48
1y3g,7.4
3lzz,3.84
2w05,9.0
1v3x,7.62
1tsm,6.0
1pxm,7.22
4jfl,4.98
3hv5,7.02
4cfu,4.0
1zaj,5.1
3mlb,4.8
3efk,7.85
2ftd,10.39
2zju,5.81
4ap0,8.0
3ozj,5.11
3mbz,5.8
3zhz,7.05
4x49,4.53
1sps,8.52
3e4a,8.77
1f0u,7.16
3oil,5.68
4g8n,7.2
3r7r,8.74
1ndz,8.11
4w9k,6.54
3zzh,3.36
4ju4,6.47
2pvw,9.52
3rxl,2.62
4amw,1.55
4twy,3.97
1me8,7.19
1q1g,8.57
4jjm,7.57
4j3m,7.68
2zkj,5.48
1f0s,7.74
4umr,3.8
1bl4,8.74
3uef,4.68
2f9u,7.39
3fnu,6.16
3v49,8.02
2jdp,6.6
1ajp,2.23
4mk7,6.36
3hky,7.1
2x0y,4.6
3slz,6.99
4ovh,4.85
4tw7,7.59
5ai4,3.47
5ddf,6.17
3chd,4.92
1ai7,4.09
3mv0,3.85
1ype,8.1
2pj4,7.89
4fxq,5.77
2ym6,6.06
4d1y,7.13
4kg1,6.56
4mg7,6.36
5a6n,4.28
2yol,6.89
4zj5,7.66
2uzl,6.21
1tkt,6.15
4fht,6.17
3kb7,8.15
1rd4,7.74
2erz,5.66
1yuc,6.91
1d8m,8.51
5ajp,5.3
1bdr,6.68
4ybt,7.0
4k3r,3.59
3kpv,3.74
1fo2,4.7
1g6g,6.28
3fuc,9.72
2hzy,7.39
4fk6,9.7
4xjs,7.12
2xpa,5.39
4xgz,7.62
4dgn,6.46
4lm4,3.04
2ms4,4.82
4dy6,4.4
1n0t,4.91
4qwg,5.97
5akg,4.46
4c66,4.1
3o9e,11.3
3h2n,3.67
1ykr,6.25
1ua4,4.22
3upf,6.7
1mxu,5.4
2wev,8.0
1tl3,6.2
1i9o,8.42
3okv,6.23
1zvx,9.22
4jh0,9.03
4rz1,7.4
3kx1,7.0
3vrw,9.39
3ty0,7.08
2fv5,11.7
4cq0,5.09
4qjw,7.8
5afj,4.38
2pvn,9.46
2pgz,5.74
4y4v,3.65
4nh9,6.43
4ty9,2.05
1sqi,7.7
1inc,9.34
4z90,4.66
2waj,6.4
1xsc,4.3
4pd9,3.33
3g1d,3.48
1x7q,6.73
1gt4,6.52
7hvp,9.62
3upz,5.6
3krj,8.96
1haa,8.7
3f7u,6.61
3t3e,5.99
4lys,4.34
1q6t,8.3
2qcg,4.0
1bqm,7.35
4erz,7.06
3hxc,5.28
1c3e,6.59
4oc5,7.07
2w10,6.77
4man,11.0
2xb7,9.19
1dkd,5.7
3efs,5.34
2f18,4.1
4dhp,4.44
4xtx,10.57
4dhu,5.3
1ymx,4.85
1qxw,5.15
2ly0,4.8
2o4l,9.22
2d1x,5.1
4zur,7.17
1jik,9.7
2q5k,11.3
2j9n,4.7
4jmh,8.68
5ake,7.82
4oag,6.3
6abp,6.36
1g98,5.7
4eev,8.33
2iw9,8.05
2las,5.74
2h9t,4.7
4djo,11.52
1a4r,6.66
1gjc,6.35
2cni,7.68
3msk,4.59
1qka,5.92
3tdc,8.27
4i2z,4.87
2qwd,4.85
3ddq,6.68
4i9u,3.86
3c5u,8.19
4tyl,3.22
3d9v,8.22
3as2,3.44
3iad,9.0
3smq,5.02
5a5q,4.68
4ljh,4.71
2aux,9.3
4eh5,3.09
4pp7,7.96
4wph,5.8
4kqr,3.9
4c37,7.71
2xdw,8.37
4q7s,4.42
4r3b,6.25
3nzs,7.12
1c5n,4.7
2we3,4.43
4xyc,7.51
4l32,6.84
1zrz,5.24
1qkb,7.35
3k3g,2.85
1t7j,8.7
1n3z,4.2
1t29,6.05
3o0u,7.92
4nms,4.94
1gvk,3.05
3vje,8.01
2fx8,6.52
4db7,6.56
4cts,5.0
1a1e,6.0
2cne,8.77
4h1e,8.52
2pow,7.2
1z9y,7.19
1b05,7.12
4dgm,5.92
4k6w,5.35
4ymx,7.1
3ueo,4.03
4g1f,7.77
2l6e,6.0
4h3b,5.17
2w8y,9.09
3eky,9.64
3zmu,4.3
4jog,3.72
4xsx,5.0
4occ,8.7
1wtg,7.03
3evf,6.77
3qs6,4.89
3kvw,6.89
4b6f,3.3
4bdf,4.09
4xu2,9.23
3skf,8.3
2x38,6.89
3c1x,7.35
3aqt,6.72
4iho,5.1
4hw3,6.49
1czl,9.15
3gkz,8.0
5c6o,3.7
3wde,6.91
3phe,7.8
4cst,8.89
3mi2,7.77
3nxq,8.15
1qpb,1.36
1m7d,6.23
3tcg,5.87
3qnd,4.85
2hwh,5.7
2vnm,8.52
3nwe,7.6
1k21,8.38
1cw2,6.15
1jev,6.89
2ity,7.27
4mg6,5.62
3bb1,3.6
3t0m,3.94
4ktc,9.0
2xiz,3.89
3bze,6.0
4whq,4.12
4re4,6.87
4as9,4.79
3r24,5.25
3iww,7.96
1bxq,7.38
1bb0,8.36
3svv,6.94
2c3l,5.07
4yc9,8.89
3eyg,8.8
4x9r,7.82
4u0m,5.77
2v7d,6.59
4up5,2.6
4eft,4.07
1xh3,5.51
1pkx,6.92
4j1c,7.31
3ms4,3.28
4i8n,4.46
4y5h,7.82
1j07,7.68
2ai8,6.8
1ork,8.81
4ijh,4.33
3b4f,8.14
2np8,7.38
4djq,10.32
1dzp,5.44
4bgk,6.28
2ay7,2.3
3sx4,8.52
3p3u,6.48
1uou,7.7
4fvr,6.0
2a3a,2.82
4yzm,5.27
1n5r,5.66
1iy7,6.19
4mma,6.04
1hdt,7.76
4bcc,8.05
4uu7,6.08
3e16,5.24
3fw3,7.37
2ioa,5.49
1tq4,6.19
1b3f,6.89
2fsa,5.3
2yfa,5.07
3uvl,5.69
1b52,7.12
1v79,7.89
2viy,5.74
1rt9,10.25
1u3s,8.85
4j03,7.59
4uiu,7.9
4cy1,6.74
2ym5,6.37
4riu,7.3
1bl7,7.72
4i3z,4.29
1pmv,6.82
2w8j,2.96
1ibg,8.55
2nnq,8.7
3wd1,7.66
2fgu,9.18
2pix,4.3
1b39,6.92
2ewa,7.94
4wn5,7.41
4hej,4.62
2e9n,8.21
2cmc,5.76
2vvt,5.24
2uy3,3.22
2aq7,3.3
4j0s,6.42
2evc,6.54
3gds,6.51
3nga,8.0
1o9k,6.47
4k10,6.92
3n9r,7.15
3at1,3.18
1ywi,3.43
4qz4,5.01
2wly,6.6
1wzy,6.25
4pz5,6.92
1q5k,7.42
1inh,2.3
4bt9,3.84
4pnn,4.52
3w0l,7.02
1bq3,5.4
3jzc,8.53
4z2l,5.85
1pr1,5.3
3mb7,6.7
3iw5,6.08
3arw,6.15
4trc,4.52
2cji,8.22
4z2b,7.76
4mz6,5.02
3uyr,6.9
2idw,8.89
2jal,4.82
4lkh,3.0
2py4,6.7
4nni,5.5
3d9k,4.72
2fky,8.59
4rj4,7.8
4qpd,7.82
2l1b,3.96
4e3m,9.7
3m96,7.22
4r91,6.37
3tll,4.39
2c8w,8.43
3as3,3.8
4tn4,6.33
2ypp,4.41
4a22,8.49
4kil,6.3
4x3t,4.54
2c94,6.82
5djv,7.11
4uil,7.24
1c3x,3.68
2g24,5.4
4jk5,7.55
2wzy,10.72
3ert,9.6
1v41,4.7
2qfo,4.7
3wt5,9.54
2g1y,7.05
4abj,7.47
3kn0,3.6
4ek9,4.42
1vwl,5.63
2wfj,7.15
4efk,2.49
11gs,5.82
3ijz,5.22
3vtd,7.92
2y7i,5.54
3mfv,2.52
4bo6,6.74
3i06,9.7
3vi2,3.77
2wf4,7.89
3oy8,3.66
1bo5,3.6
4cfm,4.74
4hkk,5.54
1bra,1.82
4kxl,6.22
4mk2,6.14
3uii,5.0
4drm,5.24
1bm7,7.52
2nqi,6.11
3n5j,5.22
1xge,4.68
4w9g,5.26
3u6i,9.0
1p57,4.4
4mhs,5.29
3nnw,8.05
5bot,4.41
4cgi,3.12
3ddu,7.4
2qpu,3.6
3igv,7.6
4avi,7.63
1ydd,7.07
3wkb,4.21
4anw,7.74
3gs7,5.44
4gtq,8.3
1i00,6.34
1cin,8.73
4uns,6.7
4egk,7.72
1d7x,8.52
1f47,4.67
3d4f,7.72
3n46,4.3
5c3p,4.46
1f40,6.0
3du8,6.84
4azt,4.17
3lk0,3.16
1wug,5.8
4i72,9.05
2csn,4.41
3b66,8.6
1oz0,7.7
3r7n,6.15
1j80,6.52
4lov,7.77
3kr0,4.7
4fic,4.7
1gwq,7.12
2ez5,5.52
3kqe,8.09
3ful,3.7
1jlr,3.33
3rxo,4.08
2w6q,4.6
3uyt,7.85
2v57,7.1
1juj,6.96
3d7f,9.3
4j0t,6.74
2hd1,3.3
3vsw,6.89
4mti,8.92
3oob,4.67
3heg,6.74
2haw,4.92
1ikv,6.28
4ono,5.19
3h2f,4.06
4ban,8.61
4ymb,6.21
2zxb,5.3
3td4,5.66
3u4w,8.4
2io6,7.52
1ms6,9.52
3f17,8.63
1r9l,5.4
1okl,6.03
4cl6,5.39
3k26,3.4
4l6t,7.49
2v5x,6.66
5aae,7.46
3aje,5.03
1juq,4.25
3jrx,9.0
4iuu,5.65
1jqd,5.16
1toj,3.39
2zzu,7.41
5djr,4.86
2obj,7.3
4qjm,8.17
3buf,3.1
2iw4,9.3
4j17,7.27
4u70,5.02
3d91,9.15
5d1u,5.96
3vg1,7.26
3agl,7.8
3gvu,8.0
4dei,9.0
4btl,5.6
4dem,7.55
2wmu,4.38
3owl,6.17
3ap4,3.92
1e72,3.22
3hkq,5.34
1gpy,4.7
2xxr,6.55
1awh,6.08
2c1b,6.4
2r3k,7.0
4xc2,5.37
2wik,3.18
2wmr,4.28
4why,8.1
2yer,7.7
6gpb,4.85
4wk2,6.94
3cqw,7.38
4mr6,6.6
4avj,7.44
2y58,5.5
1v2s,4.17
4qtn,6.85
4bj8,8.29
3q4b,9.33
4z3v,8.4
2zga,6.32
4u0x,6.23
3pm1,5.93
3sm1,5.84
2r38,7.44
3bun,6.21
2bz6,7.09
1kr3,5.0
3dxm,6.0
4nrc,3.62
1yvh,7.37
2f6y,3.87
1yqj,8.14
2hwp,7.14
2ama,8.0
2r5q,8.57
5afv,5.59
4nhy,5.64
2gfa,4.98
4k5z,3.0
4lkt,5.9
2q89,6.3
4b6s,6.01
2feq,8.86
4m2r,8.49
2nyr,4.66
1exv,7.35
2az8,8.22
3fkt,5.55
3ch9,3.3
2rin,4.0
1fwe,5.6
3fdn,7.48
4c1e,7.14
4fcb,8.54
1fmb,10.0
3ati,3.73
1jd0,8.24
4d1j,6.31
3t83,6.98
2bbb,8.62
4urm,8.05
1k1j,7.55
3qs8,4.74
3l8v,8.1
3dpo,8.26
2y5g,6.84
4j1h,6.11
5c6v,4.8
1tkb,8.0
4mz5,6.1
2ynd,7.49
1h9z,5.42
4ih3,4.82
2e99,6.16
5a5z,4.08
4leg,4.55
4cwt,6.75
3wiz,8.36
4dt2,4.37
4umn,7.2
2nmy,8.37
3ds9,7.39
3rik,2.47
2r1y,4.51
1njt,4.82
3kqt,5.34
4nw6,8.4
2p4s,9.51
4j70,5.24
3cpj,4.72
3zke,6.8
4pkv,5.25
4g2w,8.8
2yiw,9.1
2zpk,7.76
2wic,5.39
3gst,6.72
4ow0,6.82
1utc,4.55
4hcv,6.4
3dkj,5.7
1fdq,7.27
3zlw,3.7
4qiy,7.3
4mzo,6.57
4x34,6.12
1qf5,7.37
4nuc,6.04
4dpf,6.4
3f9w,4.72
4xjt,5.14
3b1u,5.72
1zm7,3.0
2vgc,5.24
2qe5,5.79
4u93,7.89
1rek,6.7
4pzv,5.7
3q44,6.31
2v25,5.72
4qvw,5.38
1k6v,6.92
4rgd,3.94
3ta1,3.25
1uef,5.49
3bux,5.63
3ucj,6.0
4hkn,5.96
2std,9.85
2am9,8.41
3wnr,6.28
3dcs,7.94
1c12,8.72
2vti,6.18
3nw7,8.28
3vw0,4.67
3ii5,7.62
3cic,8.52
4nh7,8.4
2jmj,5.04
2itt,8.77
1b6l,8.3
2wei,8.47
4o2e,8.0
4mp7,5.74
1irs,5.22
1o4f,3.52
1qcp,7.52
3g90,6.36
4pv7,6.63
4ega,7.19
5c29,6.06
1eas,7.74
3r1v,6.92
4jxv,4.51
1ukh,6.38
2isc,8.42
4au8,6.26
1a28,8.29
3ue4,8.96
3ezv,5.98
2xwe,6.02
4tsx,4.99
4asj,7.55
5cp9,3.51
3e85,5.38
1pxk,5.66
3gn7,8.3
2yj2,7.92
3kga,7.21
1o2n,6.09
3a73,3.38
1maw,1.1
4aa1,4.12
2fwz,7.3
5ea6,7.41
4f0c,6.27
1v2l,4.29
3u10,5.44
4mzh,7.18
4nyi,3.06
4r73,7.64
4cpu,7.53
4p2t,5.43
2r05,5.15
1d4h,10.0
4cl9,7.3
3oyq,7.99
4p4b,7.85
2avs,7.57
3u6a,6.49
2etm,6.67
4c35,6.25
4wxi,8.08
3jzp,6.6
3pjg,3.55
1oj5,6.1
4q93,4.65
4l7f,6.8
1o5m,8.72
2pja,8.66
3d67,4.96
4nxu,5.54
4fab,8.06
4rxd,6.52
4lpf,3.51
2f8g,8.7
3ckb,2.98
4mwu,8.49
3t3d,4.91
1u2r,5.41
3dp2,5.82
2gg3,6.24
2vxa,5.6
4bg1,6.31
2vwu,6.46
4c6x,3.76
2yix,8.48
1e9h,7.46
1g7q,6.06
4m6u,2.74
4mex,6.7
1ba8,9.0
1pun,7.28
3so6,5.39
3t08,3.04
4idt,7.0
4ebv,5.38
3qs4,4.68
2imb,4.22
4afg,8.3
4kov,3.75
3g8o,7.8
3g2w,5.66
3ieo,6.48
1xzx,10.22
3qk5,7.74
2vgo,6.3
4r6v,7.45
4b81,4.92
1etz,7.24
1ec0,8.49
3c6w,5.62
3ibn,7.61
3iae,3.89
2ogz,7.08
4gee,9.0
3zxe,3.35
2ymt,8.0
3b7i,5.82
3nnx,7.96
1a69,5.3
3arb,6.63
4y8d,8.05
4j5p,7.92
1sln,6.64
3lc3,5.23
1h61,4.89
3f36,2.89
4ch8,5.99
4zji,6.47
3f15,8.1
4hwb,9.24
1uv5,8.3
2xp2,9.0
4yk5,7.64
2rnw,2.98
4dru,8.62
1gj5,4.96
2hzn,7.39
1i8i,7.66
1at6,4.07
3njy,5.77
4ap7,7.96
5a46,7.66
3o8g,5.13
3gjs,4.99
2qhy,7.48
3qfv,5.77
1jut,7.32
2h1h,4.52
1okx,6.8
4cp5,3.34
1f92,6.19
2jsd,7.77
3osw,6.15
2ien,9.0
1ozv,1.44
4i7b,5.7
5edr,7.46
2wa4,4.74
2w0j,6.62
1nzv,6.4
4b05,7.58
3tcp,8.37
4dtt,5.54
4io6,4.82
1xlx,7.6
3twr,5.19
3h0y,8.22
4mwb,6.49
3g58,9.28
3aya,4.33
4pri,4.03
1j01,6.47
5ap0,8.26
4j51,6.59
2a4l,6.4
2iws,6.36
1ayv,8.0
2yb0,3.85
4jpx,5.15
4r1v,9.0
1pzi,4.22
1u32,7.01
4bcs,6.99
4pnw,5.05
3kxz,7.46
3s0j,3.77
3c3q,4.32
3ip9,5.62
1ogd,3.03
4ael,7.92
1uye,3.7
2vrx,7.35
3nex,6.0
4i1c,8.1
3qvv,4.42
3isj,3.68
1ysg,3.52
2h2e,3.0
4kba,8.22
2y9q,6.15
2pvh,6.59
1sqp,8.2
1fpp,8.0
2hwi,5.52
1yp9,5.11
2lkk,6.7
1aq7,6.05
3g9n,5.74
1v1j,4.82
4pyq,5.36
3m55,6.21
1qfs,9.48
2c97,6.14
4m5o,6.42
3k0k,5.43
1x76,8.72
3kdd,8.46
4heu,10.01
3dxh,3.19
3tti,8.22
4b11,5.64
3oys,8.05
1thl,6.42
1ztq,8.89
3kgt,5.51
3zjc,5.05
2bve,3.67
1wv7,7.26
1sdu,10.07
1ajv,7.72
4b8p,6.85
1d4y,11.1
4ieh,7.85
4hyf,7.6
1f90,7.92
2bw7,5.7
4lrr,5.22
4oak,4.22
2pvu,6.31
1bim,8.92
4zjr,7.54
4dfb,4.6
2obf,8.85
3qx9,4.05
4o05,7.43
1o2p,4.85
2xp7,5.77
1sqo,7.46
1p5e,4.81
5aux,5.0
5dq8,4.14
2hy0,9.19
4c0r,4.91
3s75,6.82
4io7,3.68
3ip6,6.6
3ole,7.83
3ppm,9.54
5cvd,6.41
4lxk,8.4
1rti,4.77
1ta2,8.52
4jik,7.74
2d1n,8.15
5e8f,8.64
3pck,6.7
1ld8,8.46
3dsz,7.77
5e1d,5.39
1v0k,5.1
2wo9,7.21
4bcm,6.91
1b46,5.28
4kn4,7.24
2o4k,10.46
2f1g,7.54
4wvu,5.71
4i54,6.96
4a4x,7.23
1ajx,7.91
3ob1,5.42
2pwd,4.4
1mem,7.94
3u8m,8.89
4x6m,8.24
2lsk,4.89
4msc,5.96
1gx0,4.22
2vpp,6.12
2hyy,6.77
1o4e,3.3
3r01,5.24
2qrh,4.71
3rz1,8.74
4j8g,4.19
1o5f,6.07
2v2q,4.15
3p2k,4.7
4yoi,6.48
4nue,6.82
3i73,5.49
4qjx,7.28
4lbl,4.96
3b8z,6.54
1dbk,8.1
3u6h,9.0
1trd,5.4
3dt1,8.62
4hv7,3.52
2xu3,6.8
2or4,5.02
1skj,5.15
4mbl,8.54
3hl7,7.64
3g1v,3.19
1n43,10.55
1ke8,6.0
2c6c,7.52
2cm8,5.87
4cd6,3.59
2bok,6.55
3pz3,6.85
2fv9,7.22
3lvp,8.7
2uwo,8.7
3t3c,10.23
3kv2,7.32
3oik,6.17
4lvt,10.36
3o86,7.15
3ho9,6.1
4ayr,7.0
1g05,8.51
3f0r,6.89
4g90,4.51
4x6s,5.24
1hsg,9.42
3m8p,8.68
2dri,6.89
2y8i,5.89
2wi5,6.05
4ec4,7.6
3fdt,4.52
1dmt,8.7
3qto,4.13
3k39,8.08
1a07,6.4
2cbz,3.93
3uda,5.01
1hef,9.0
3g2j,4.75
3wd2,6.24
4yl1,6.67
1m7q,8.59
4o0v,8.48
1eub,8.72
1vij,9.52
1sqn,9.4
4dgb,3.89
1f57,5.64
4iut,5.72
4hy4,8.57
4hfz,5.72
4l2g,6.68
1a7t,1.64
4b7z,4.31
2r1x,4.8
4mb9,8.0
4ai5,2.92
4ezx,5.8
4ge7,8.15
3jq8,4.46
2rqu,4.63
1hi5,4.04
4awg,5.96
1r1j,8.64
2vtd,4.07
3wzj,8.18
3dv1,6.23
2xib,7.26
4aml,2.1
2x2i,8.7
3jdw,3.6
3rjw,7.57
1ec9,3.1
1li6,3.8
1njc,5.55
1nli,3.59
4joe,3.56
3hek,8.27
3ls4,6.3
2w9h,6.37
4gu6,7.36
2z7i,7.0
2o5k,7.82
3c3o,4.36
1ddm,5.77
3dc3,8.31
4l4v,5.78
5bsk,6.22
3oyw,4.11
3bx5,8.46
1apb,5.82
1g53,9.04
1af6,1.82
4l9i,4.89
3wyl,8.85
4y2y,5.05
2q63,7.18
3iok,7.96
2fxu,8.15
3qch,5.48
1ove,9.13
3c4f,5.72
4xtt,7.37
1nt1,8.89
2yj8,8.19
4bck,8.4
1b32,7.1
2ban,9.0
4prb,3.88
3gcv,7.13
4gqp,9.6
1we2,4.36
4yz5,2.83
3i8t,3.22
4b70,5.2
3str,8.4
2l7u,3.98
3u93,6.31
3amv,7.97
4ej8,5.39
1v2k,6.19
4mka,9.0
3oyp,8.7
3ctr,5.16
3pi5,6.02
4ncm,7.0
4qw0,5.14
4yrt,2.78
4awq,6.32
2ra0,7.8
5c83,6.8
3pxe,5.7
3fk1,2.62
3g4k,6.54
2aeb,8.3
4dhs,4.8
1mdl,3.09
3a1t,4.83
4pov,8.28
4rt0,5.5
2ycr,7.16
3isw,4.05
2yek,7.21
4n5g,5.0
2xmy,9.96
1uw6,7.34
4m48,6.81
3fj7,3.71
4bqs,4.21
4zzy,5.6
1tsy,4.96
4glr,9.46
4qtc,6.4
3sv7,6.08
1x8r,6.12
2y68,3.6
4i8w,10.9
3n3g,7.24
4l2x,7.41
2a25,4.62
3qa2,6.68
2zjf,7.72
2i03,9.0
3zcl,8.0
4loj,6.52
2p98,6.19
4pmp,6.4
5ai0,3.69
1v0l,7.55
3c94,6.87
4awf,5.57
3biz,7.24
4e34,6.01
2ajb,5.5
2qw1,3.9
4p4s,4.94
3d2r,5.48
4x6n,8.82
4p75,4.1
3iiy,4.8
4pnc,5.43
3pd8,6.46
3kw9,9.0
2gcd,5.52
4gzt,7.77
1efy,8.22
3roc,8.19
4p7e,4.76
3ryz,8.62
4k7o,4.3
3qio,6.84
3wf8,6.63
2bts,7.7
3o9c,12.05
1br6,3.22
1x11,6.49
3u15,7.11
4n6z,7.8
4nmt,4.85
2w70,4.92
4awi,6.0
2wbd,6.64
4fk7,5.24
4a4e,3.32
4f49,6.09
1qbs,9.47
3v0l,5.52
2c1a,6.77
1hk2,6.77
4poh,8.0
2ye9,6.22
3kqd,9.4
3zmj,4.93
3t1a,8.37
4bqy,5.96
3eka,3.0
3t6b,6.36
1nox,7.05
5aml,9.15
4qxj,5.9
1sfi,10.0
4lq9,4.85
1j81,7.1
4hgs,8.3
4ery,7.27
4kox,4.77
2hfp,8.52
1w3j,6.32
2p2h,7.17
4kc2,3.31
4u2y,3.99
1dth,8.22
3p9h,5.06
3ut5,5.74
4l7l,6.0
3ql9,6.3
4lm5,6.82
1amk,4.3
4x6i,8.0
1xws,8.0
1gca,6.7
2xn7,10.0
4qfs,6.05
3mzc,6.65
3m8q,9.52
2on3,9.0
3fn0,4.4
5est,6.52
4c1g,5.14
4pgh,4.89
4yat,5.03
4x5r,7.85
2ei6,7.39
1jeu,6.82
3g35,4.68
1gx8,6.37
1dzk,6.1
3l4z,6.72
4uxj,5.42
3ai8,3.81
4w4x,6.99
4xtz,9.82
3gi5,11.22
4dew,7.0
4oq3,8.1
4l10,7.15
1l7x,4.04
3w8o,7.62
3azb,4.92
4i47,6.92
2gkl,5.35
3gfw,7.57
3wmb,5.37
1ca8,9.49
2wos,3.9
2yga,4.61
4fli,5.44
3p50,4.62
1ew8,2.26
5std,10.49
2xzq,6.59
1joc,4.62
4h4m,8.52
3dwb,6.19
2xjj,6.51
4kx8,7.13
2mji,4.25
3qox,6.57
3k48,6.31
4rxc,4.48
3ixk,8.18
1v0o,5.26
1w7x,8.4
1lxf,4.1
2dw7,4.7
5ak4,4.23
4g8o,7.66
4f20,3.29
3oq5,4.55
2oic,8.4
4rpo,7.64
1j19,7.79
4li6,6.97
4pde,6.44
5c11,6.47
5d12,7.37
3l3m,8.22
1ayu,9.15
3u6w,6.92
1vr1,6.89
3n2e,4.96
3gp0,7.44
4qz5,5.26
3t70,6.3
3hv8,6.98
3skg,8.1
1q63,5.85
4msl,6.15
2aay,2.92
1w1p,2.3
3ml4,5.33
3s7a,8.96
4xy8,6.4
4m5g,5.01
3ujb,5.1
2rg5,8.51
4wag,7.08
1ec3,9.04
1bzf,8.3
4c4f,7.59
2e9o,7.7
2xp4,3.74
4mm5,7.74
1fw0,5.43
1fig,6.22
4ocv,5.08
3o87,7.6
1guw,5.72
4ynl,4.62
2wlz,4.6
2cn0,7.66
3rjm,6.61
1gnn,5.68
1heg,7.74
1nja,6.31
4zyc,6.42
3acl,6.22
1g9r,5.7
3k83,7.66
4yad,5.6
3acx,5.7
4lkk,5.92
3vtb,9.3
2x4s,4.2
3b2q,4.55
3qx8,2.86
1w82,6.71
1cka,5.72
3kck,9.1
3f7h,7.09
1b6m,8.4
1tou,6.0
2g5u,8.49
3kyf,6.78
3bjc,6.96
4o1l,6.7
3elj,5.3
4z9l,8.8
4pyo,4.52
1is0,7.0
1gbq,2.46
3vh9,6.24
4ucr,3.3
1c88,5.29
3mea,6.3
2k31,8.7
1ywr,7.89
4oyi,4.72
2qnn,7.15
1q9d,4.6
2gdo,9.49
3ur9,6.31
1ppl,8.55
4tmp,5.43
2jdh,6.51
1r4w,4.05
1odi,4.21
1m5e,7.7
2w6m,4.67
2evl,6.7
2w78,8.57
3jzk,5.91
1aq1,8.15
4io3,6.06
2q9m,7.21
2q96,5.92
3t84,6.97
4li7,6.11
3img,2.96
1xmy,7.3
3nw5,5.08
4n99,3.67
7kme,4.4
4d0w,7.7
2vaq,8.52
3lpr,5.96
1dfo,6.7
3d6o,4.11
3wtk,6.53
3in3,7.22
4isi,8.14
4tkn,5.89
4ww8,10.17
3mj2,7.82
2o7n,7.82
3rvi,7.96
4hiq,8.21
5d21,8.38
3wav,6.74
1jlx,5.8
4mm9,5.68
3w37,5.18
4l7d,6.12
3jvk,3.93
4cd0,9.7
4u1b,5.31
4h38,6.04
4qo4,8.3
4j1i,7.4
2xp6,4.7
1zgv,6.0
1lvc,6.0
4rt1,6.14
2f34,6.89
2zo3,10.0
3oe0,8.6
4b2l,3.24
3pcn,3.66
2h4g,6.52
2vxj,4.17
4k3h,6.85
2ez7,4.36
1kz8,6.08
3m8u,4.89
3zha,6.0
4gjc,7.05
3sxu,5.05
2duv,7.06
4rad,7.1
3t3u,8.6
3rah,7.92
3sbh,7.28
4p90,7.19
2rcu,6.68
1ent,6.96
1ele,6.85
3rm8,6.15
3sv6,7.46
4z8m,7.44
4j53,8.7
2fpz,3.96
2ltz,5.35
3su3,9.13
2w9i,7.48
2wi3,3.46
1urg,5.82
3pkd,6.12
1gcz,5.13
4o44,7.85
4hxr,5.39
4o28,7.54
2mip,8.46
4izy,8.52
5fwg,6.72
2y1n,4.77
3l79,2.46
1fv0,5.93
4cjq,3.59
1rs2,4.3
4dju,5.44
2y8o,5.12
4nhx,5.72
4i9s,6.79
2e7f,6.1
2g9q,6.4
1prl,4.23
3grj,3.0
3atp,4.45
4qps,6.52
4y2q,2.92
4a51,6.73
1au0,7.66
3sut,7.85
3vhk,4.6
2r3j,8.0
1a09,6.7
3fed,7.46
1g4o,8.25
2toh,4.15
2jbj,9.7
2rjr,1.94
4kxb,4.12
1zeo,6.68
4j0v,7.55
4ua8,6.26
4gpl,5.89
4r1e,7.28
3sv8,7.91
1h1p,4.92
4c1h,4.09
1thr,5.38
3h9o,7.15
1e1y,5.6
2a0t,4.82
3ckp,6.35
2y6o,7.6
2cf8,8.1
4mnx,4.75
1unh,7.0
1tpw,3.3
4lk7,5.04
4dwg,7.24
3muf,6.49
3wi6,5.33
3oj8,8.36
4m8x,10.2
1a5g,10.15
1sqt,6.2
3as1,4.02
3dnd,4.8
1c50,6.48
2h6b,5.39
5bpe,5.95
2gek,7.52
3wto,6.92
1swn,12.0
4uyd,4.1
3u4u,8.52
3zyf,4.85
2vta,3.73
2bys,9.52
1a1b,6.4
3o2m,4.8
4a9c,4.61
1gsf,5.0
4dfw,7.85
2ito,6.91
4i5m,8.06
4ee0,8.63
4zj6,8.52
4htx,8.33
1c3b,7.57
4h58,6.72
3is9,6.42
3ft5,4.82
3hik,6.35
1lf9,12.0
3skc,8.8
3pj1,7.32
1lhf,8.09
3nc9,6.48
3lc5,6.57
4mww,3.67
1hvh,7.96
3ds1,5.7
3wc7,8.26
6cha,4.4
1w51,6.3
4a4o,8.05
3g4l,8.24
2qtn,3.42
1jzs,6.6
4x7l,8.05
1sbr,5.0
3fuj,3.63
4e5j,4.73
4qt2,6.32
3l1s,8.7
4b0c,2.07
1qaq,4.74
4jib,7.35
4k69,7.4
2bv4,3.22
1x07,3.28
3mt7,4.03
2rr4,4.78
5am7,7.19
4ia0,7.11
4axa,8.0
2auz,9.46
3wcg,6.85
3zot,5.95
3zsw,2.7
4jai,8.4
3szb,4.92
2vh6,9.7
4lkg,6.8
4w97,7.1
2qci,8.34
4z68,6.49
1i5r,8.52
2x7d,6.7
2wi4,5.81
4utn,6.15
3oku,6.36
4j4v,6.36
3bv3,9.34
1i2s,3.31
4uua,5.24
2xxt,8.05
2xow,5.22
4xit,7.27
3lpj,6.92
4at5,7.42
4qew,7.07
4bbh,7.1
3snb,4.38
1u59,7.25
5bve,11.0
4bd3,4.54
3wkd,3.77
3s2v,6.8
4b7r,9.64
4ryg,8.1
1n0s,7.45
4u90,6.54
3mj1,7.82
1q4l,7.4
4tk3,5.1
4r6x,5.27
1kl3,5.86
4itp,7.27
2jkh,8.05
3gm0,7.77
4fn5,6.76
2cen,8.3
4dlj,5.92
4q90,2.15
1jmf,5.77
2mpm,5.89
1pzo,3.32
2ofu,9.0
4d2r,5.48
4o7e,5.24
3tfn,6.57
2qlm,5.64
2onz,8.89
3r5n,5.78
4mn3,5.75
3lxl,8.3
2ph8,5.74
3ihz,6.8
2e5y,5.85
4o13,7.82
2f5t,5.17
4mha,8.28
2sim,3.42
1fax,7.39
4mnq,4.43
3atw,7.01
3b67,8.85
4qwi,5.36
4r4t,6.26
4n6h,9.28
2xez,5.82
1xn3,7.4
4ncg,7.96
1k06,5.34
3u9c,5.89
3rth,5.21
2bu5,7.78
4bup,4.95
3oy3,7.45
5akh,6.59
4tk4,5.1
1o38,6.82
1bnm,10.0
4zsm,2.4
4zqt,5.64
4iti,6.36
1o5p,10.0
3hhm,7.92
1o9e,4.18
3wdd,6.11
4z1q,7.82
3q7p,5.8
4l19,6.1
4yfi,6.3
4k7i,2.82
1igb,6.4
2y6d,7.1
4afh,9.54
3v01,7.6
4m7c,6.12
4mo8,8.0
4lop,8.15
4p72,4.09
3o9a,10.7
1zlw,5.89
3l5e,7.57
3soq,4.57
2b1i,6.82
2jkk,8.2
3o23,6.3
2b7d,8.7
4eg6,7.37
2j62,11.34
2azr,3.64
1fv9,5.0
2mwp,6.05
3h0z,8.37
1w12,7.85
2rio,4.69
2vts,7.52
1f4f,4.62
4a50,7.91
3gx0,3.48
2a0c,7.3
4ixh,8.21
5a14,7.3
3hc8,8.54
1wur,6.66
3voz,6.85
2fjp,8.37
2bdj,9.35
2yk1,8.13
2k1q,6.22
2i3z,8.7
3t0d,2.37
4io2,6.7
4anu,7.68
2xg3,4.74
4gg7,8.2
1bzs,8.0
2qyl,6.19
1epq,8.19
2l1r,3.57
2cll,4.3
2ow6,2.7
2xfk,8.52
4qvq,5.2
3wyy,8.49
3k2f,7.2
1gu1,4.52
4qem,7.8
4pb2,4.8
1c5p,4.68
1ndy,6.17
4cxw,6.09
4jmu,5.47
4rr6,6.0
3d14,7.66
3fts,3.67
2v87,4.6
2wj1,8.72
4rhx,5.8
4g3g,8.43
3ddb,4.02
2xd9,6.46
2xwd,6.96
3g3d,4.74
3mnu,7.32
1akw,8.59
4qp2,3.03
1gz4,3.7
3lok,6.92
2vr4,5.68
3k5f,5.43
3gcu,6.78
4non,5.24
3s7l,7.1
4i5c,8.82
4jin,5.64
3iob,3.42
3t2t,2.4
4btx,6.54
3qtf,6.96
4erw,8.15
3pty,5.44
1ebz,9.4
2psx,5.77
2r2w,4.47
3tza,5.5
1oq5,7.68
2tpi,4.31
1vgc,5.92
3lpb,7.38
4iq6,7.24
4xmb,7.36
3kpu,3.16
1z9h,3.0
3poz,7.64
2co0,5.48
2oz2,5.71
1at5,4.19
3unj,4.96
3bea,8.15
4cwr,8.3
3b9g,4.72
4unq,6.62
4n1t,9.1
3rqf,4.41
2f2c,6.35
2hvx,7.54
1xon,10.68
2jf4,8.15
3ipe,6.82
1xpz,7.08
1g6r,4.27
1xa5,6.5
4mwq,9.1
4whh,7.4
2ea4,7.34
2rgu,9.0
1juy,7.66
3rqw,2.7
3avh,3.3
4xue,5.3
2fzc,2.7
1b3l,5.89
4clz,4.37
1kdz,8.22
3iqh,4.59
4njd,4.84
4o7d,3.0
1h4n,4.92
1nqc,7.3
4kpx,7.3
4z7s,8.22
3ow4,7.66
2cnf,6.62
4fgx,7.14
2qp8,8.1
1upk,6.4
4ngq,8.8
4l0s,6.84
1t4v,7.68
3ncz,7.82
4hni,7.49
4ps3,8.7
4mwe,5.91
4hpi,4.85
4mi3,4.12
4zbf,7.13
3ljt,6.89
2vyt,2.74
3oxi,5.66
2vqj,6.44
4aq3,7.43
3n2c,5.12
1gno,7.7
1nw4,9.07
2x6y,4.59
4anx,7.74
4int,5.8
2mg5,6.15
2gfs,6.15
4okp,2.7
4c38,7.76
2jst,2.59
1uk0,8.1
2f4j,5.66
2h4n,8.7
3wzk,7.24
4ytc,7.89
2qzl,8.1
3fzs,5.82
1hxb,9.92
2qhn,6.01
3c6u,8.87
3kdu,6.46
2xaq,5.96
3d1y,8.22
2pym,6.82
2avi,15.22
4fi9,7.34
2yay,6.1
4q1s,4.17
1i37,9.57
1qb9,7.44
2ajl,7.89
3fqe,8.3
3n4b,7.02
4um9,8.07
3nuj,9.39
1o2w,5.85
3qi3,3.78
3jpv,6.92
1wc1,4.0
2w4i,6.3
1lbk,3.18
1ch8,7.0
2kbs,5.0
3osi,5.22
1e2l,4.29
3hr1,9.43
1zd3,3.3
4yrg,2.7
4g31,9.4
2ccu,6.13
4rrq,5.47
2o7e,6.22
3lfs,5.6
4er2,9.3
186l,4.85
2xpb,5.7
4wlb,6.74
1wbs,6.2
4wrb,6.19
2j2i,6.7
4uib,9.0
2fzg,3.38
4fck,1.26
2g19,5.85
4crl,9.71
4bkz,7.57
4d1s,7.66
4p0a,4.52
3rm4,5.77
2vfz,3.61
2za0,6.64
3zi8,5.66
2az9,7.66
2aie,5.66
2c6i,4.96
3p7a,6.28
4zec,5.82
3qck,5.24
4wk7,7.13
4akn,6.1
4clp,1.27
4rra,4.87
4usi,4.41
3sd5,6.58
4op1,6.89
4p58,4.6
3vdc,4.92
2e9v,7.9
1gvx,7.22
3dri,4.42
3kig,6.61
2hr6,4.82
4u7t,5.67
1g48,8.41
1e8h,5.68
3c4e,4.0
4hvh,7.72
1w76,6.15
1q95,7.57
1uj0,4.57
3ddp,7.14
3tgs,5.39
1qk4,4.21
2vci,7.68
4txc,6.62
4itj,6.42
4gfd,9.48
2rc8,6.52
4o07,7.38
4zmf,3.96
4c36,7.7
2rol,4.62
4u73,5.18
2g71,7.46
3gpj,5.11
3zhf,3.92
4d3h,6.43
3l5c,5.15
2ykc,6.11
3wha,9.32
5auz,4.01
4kww,5.55
2q6f,5.44
2aig,5.0
1snk,9.6
2jdl,9.43
1z3t,3.94
2yns,7.6
3dm6,7.43
2boi,4.32
1r78,8.52
4wup,9.82
220l,3.4
3uhm,8.44
4s1g,9.22
4est,5.02
4bfz,6.26
3irx,9.0
1ebw,9.05
4ksq,7.31
2b4l,4.77
3hkt,5.39
3ioi,6.28
2er9,7.4
1b9v,3.65
4yve,7.0
1m5w,4.27
3cth,6.96
3qo9,5.92
5alh,7.07
2ipo,5.06
4e3n,10.3
2gnl,7.24
1mfi,5.59
4pg9,7.8
5c0k,2.92
3dv5,7.66
3kwj,9.3
4ezt,5.13
5alt,4.88
3k41,0.82
3fnm,4.71
1rhu,8.52
4xum,4.67
2o4n,7.82
4eg4,7.89
4abb,4.51
1il9,3.4
2o9r,1.68
4ddy,5.62
4tky,5.7
3pvw,7.27
3ebb,5.3
4hxw,8.7
4ppb,10.0
4e8w,6.09
3ohi,4.85
4r3c,7.0
2r0u,9.0
2zu3,6.1
2gm1,7.0
2c68,5.74
4cu7,7.59
3m53,5.31
4owo,4.47
1uwh,7.66
2y4a,4.38
2xs0,5.15
2zdl,6.4
5ajo,4.96
4xv1,8.38
4x60,9.0
4wh7,2.3
4cc3,4.14
3plu,5.77
4l1a,8.27
1b58,6.59
3gjt,6.77
3v5l,8.15
2w2i,6.04
5e0a,6.59
2vio,4.4
3d2e,6.42
3eq8,9.06
1mwn,6.7
3qd4,8.2
2of2,6.68
4m8e,7.89
3f81,7.13
4baq,9.01
3g2i,4.86
5axq,10.1
1w2h,5.0
3r0t,9.04
3g72,9.1
1uom,7.72
4oru,3.68
3ayd,4.19
3wyj,6.44
4gb9,6.27
1e6q,3.15
2b5j,9.1
4yv0,3.28
5ajv,6.24
2ohl,3.05
3l59,3.7
3upi,8.22
2b1p,8.52
4mw9,7.02
4uvx,7.96
3hkw,8.64
3art,4.43
2yaz,5.14
2hai,6.28
1uy9,4.82
2frd,4.54
4ngh,7.52
1lhg,7.1
4pm0,7.35
3lxo,4.82
3pix,7.0
1t3t,4.96
3bra,2.7
4afe,7.14
4bhn,8.2
4qsw,1.68
1nny,7.66
4e9d,7.7
2y1x,7.57
3ion,8.1
4ab9,3.33
4xx4,7.36
4xcb,5.47
2y81,8.7
3mtb,4.63
2xnp,6.44
4w9o,7.77
1fh8,6.89
1z4o,4.52
1y3x,5.14
3o9b,12.3
4luv,2.85
3ook,8.4
4uoh,4.77
1fkw,5.05
1wc6,4.0
4lyn,7.22
4bvb,4.48
4ou3,4.41
4gdy,7.08
3tjd,9.0
4jaj,5.26
3in4,7.52
3ppq,4.55
3oka,4.72
3q4j,6.21
1sdt,9.27
4er1,6.62
3rhx,6.08
2qwg,3.64
3ocg,8.52
1o4o,2.46
5aoj,4.68
4pzw,6.96
3n5u,5.92
4zs3,5.18
4nks,7.17
3ljo,6.62
2zz2,4.54
1gfz,4.0
3gbe,5.0
1ilq,4.89
4o76,6.89
1oyq,6.96
4qaa,6.44
1h2t,7.89
2fr8,3.15
1mto,6.96
3ibi,8.59
4kqp,6.05
1sgu,5.37
3dow,4.94
4jvi,5.3
3bz3,8.82
3qqu,8.62
3s8x,7.3
3rz5,7.89
4i2w,3.92
1jn4,4.95
5e8r,8.7
3obu,4.3
4zsa,7.82
2llo,5.82
4i9r,6.95
4hyb,6.46
1dub,5.8
3sc1,4.38
4qyo,8.22
4wov,7.14
1hgj,1.66
2aou,7.73
3coj,5.28
3o8p,6.46
2wxq,7.47
2fl6,7.42
4ca6,6.74
4n9a,4.19
4eon,6.05
3iqg,4.6
3hdm,7.4
4ks2,9.34
3q96,8.54
3t0l,4.52
3bl0,6.92
2aia,5.41
1xxe,5.41
4r4c,5.54
4k8o,3.77
4wzv,9.37
3tu9,5.12
3su5,5.58
1ow6,5.4
3ig1,6.14
4nrp,4.59
3b0w,5.7
1q0b,5.17
1x38,8.77
2m0u,6.44
3ard,6.76
2xck,6.15
4nrk,7.62
2w3i,10.0
4o3c,2.59
4ch2,5.99
4ere,8.38
4mw0,7.41
2xkd,5.64
3ffg,9.08
2x8i,6.72
1mpl,3.77
2krd,2.7
1pzj,3.49
4g16,6.85
4cfw,6.29
4e5h,6.37
4bny,7.1
3prz,7.59
2wih,7.35
4gu9,4.37
3zcw,6.19
3fqh,6.24
1czq,4.54
4gne,2.47
4uce,3.17
2l6j,6.26
4jzr,7.8
1aj6,5.92
4kni,7.78
4us3,5.32
1s4d,6.49
4hmk,6.1
1jii,9.0
4xu1,9.49
1r0p,8.0
2nq7,5.54
3qtz,7.3
4oo9,9.07
4wwn,6.07
2y80,8.05
3eu7,6.18
1rdn,1.84
4o2b,5.74
2zaz,6.4
3cgy,3.15
4d83,7.26
4qwl,6.18
4oew,6.82
4mhz,6.87
4azg,7.1
4iid,5.62
2zv2,6.3
4agc,10.7
4mx1,3.68
3hlo,6.21
1q6j,7.8
3tnh,6.46
3jy9,9.0
1h0w,4.89
2jbo,8.07
2x4t,5.13
4joa,7.54
4lm1,3.23
3ho2,6.95
2qe2,7.77
4mw7,5.0
1rdi,2.06
4hwr,6.74
4ruz,7.64
3otf,6.08
1xoq,9.17
1fq4,6.4
3asx,7.7
2p94,9.17
4qjr,7.1
4kxm,5.59
3nrm,8.4
4kza,3.7
1hww,7.7
2oo8,9.0
1dud,4.82
3qxt,5.22
4oaz,5.77
3iue,5.82
1hge,2.27
4li8,8.12
4j47,4.92
3q3k,8.13
2d2v,1.0
4qjo,7.4
4bb4,6.72
4w7t,6.05
4m8y,9.96
1nfy,8.89
2w6u,5.0
2or9,6.3
2ckm,8.82
3qsd,7.19
1h01,4.66
4zek,5.66
1g32,6.11
3kgq,2.3
3eft,7.92
4kln,7.7
3w2s,8.16
1clu,8.27
2jh0,8.7
4at3,8.4
1csi,8.8
3ipu,7.32
4ksp,8.8
2f35,5.4
3mkf,4.77
1cs4,5.57
3sym,4.57
3qzv,4.16
4x9v,7.85
2jh5,6.44
1wdn,6.3
4gk3,7.25
4ear,9.82
4anb,8.18
3hdn,7.2
4psh,8.89
3gt9,3.96
1w5w,8.8
1wb0,5.35
4mx9,8.59
3gcq,6.47
1r5n,5.42
2va5,4.07
3ot8,8.05
5dda,5.78
3v5p,8.96
4yy6,4.22
4f8h,4.24
4uma,5.41
3r17,6.41
4i6f,8.3
3me9,6.3
3v8w,8.07
1qon,8.96
1uj5,3.05
3r5t,8.58
1qjb,6.38
1okz,8.3
3u4h,4.25
4jht,4.99
3sna,4.14
1gmy,7.35
3agm,9.09
1utz,5.85
4j06,5.34
3vbw,5.22
1dtq,8.22
4iif,5.18
1rry,4.1
3wuv,5.17
2zof,8.15
2wc4,5.29
1tet,6.08
2e1w,7.96
4gpk,7.52
1k9s,6.52
1qj7,8.1
4x7i,7.69
3qkm,7.42
2x6j,7.44
3b8q,9.3
3f7z,7.19
1sv3,4.35
3f34,3.16
4h39,6.68
3c2o,3.35
1w14,8.52
2r3t,5.85
2clo,4.06
5c1w,5.06
4ymg,4.68
1c70,10.3
3upy,5.62
3r0w,4.52
3bsc,4.48
2r1w,4.6
4obq,7.19
4jss,3.3
1bkj,6.77
2qwc,3.55
3r16,7.3
3cs7,10.68
3nuu,3.77
4nrb,4.42
1g7g,6.6
4eqc,8.1
2gu8,8.59
3o95,8.28
3uf9,2.11
3nan,8.22
3ujd,4.69
1cze,2.62
4fxf,5.19
4n9c,3.9
4ory,3.53
4ykk,2.77
3wig,8.64
4alu,7.77
3r91,7.04
1v0n,7.55
1m2p,6.11
3s8o,6.85
4bpj,6.0
3ds4,4.19
1w2k,6.46
3s7f,5.43
4mvy,7.54
4cix,4.47
3ohf,7.03
4uia,6.72
4o4g,8.05
4g68,7.92
5e0m,5.28
1elr,4.96
2xu1,7.66
3t85,7.95
3lpi,8.52
4mse,6.16
2xbp,5.02
4g0p,3.01
3f8c,7.68
3zmz,4.74
1f8c,7.4
4zae,8.44
2y57,6.89
4hgc,10.0
3lhs,9.0
4rlw,4.87
1r5h,6.74
1rhm,5.76
2uyn,2.7
2iiv,8.18
1sr7,10.1
4ezl,8.59
4lh3,1.52
3pcf,6.05
4p7s,7.42
4y67,6.93
1rr6,10.25
5c26,6.77
4dk8,5.74
3l7d,2.18
3qel,6.49
3mpe,7.4
2gl0,4.82
3ivi,7.92
1oit,8.52
3vw6,7.85
4mss,6.4
4pio,5.7
3m6q,7.32
4n3w,3.5
3fe7,7.12
2g9u,6.08
4no6,6.11
3tv8,7.15
2nns,6.05
1gym,2.7
4bnz,6.59
1ghw,4.2
5cap,7.28
4zsr,4.44
4kz4,4.15
1d5j,9.15
2oz5,6.48
3c52,7.3
1hyz,3.42
4pf5,5.48
4o2a,5.74
1zxv,6.1
3gs6,6.59
4azi,7.45
4nxo,7.22
4e5d,6.22
4qw7,6.28
4yas,3.41
3s77,7.21
4a4c,3.61
1rne,8.7
1ycm,8.0
2ewp,7.1
3ftz,2.7
1cgl,6.87
3svj,6.93
2w9r,5.32
4og6,6.71
2h5e,8.25
5dhg,9.14
1o0d,8.21
3fal,6.78
1mue,8.64
3ddf,4.66
4hnn,5.7
1k1m,7.4
3arg,7.26
4ewo,7.36
3vjl,8.25
4qyg,8.39
1vot,6.6
1fvv,8.0
3stj,4.8
2x7u,5.27
5ea4,8.11
4bi2,4.03
4dbn,8.15
3sqq,5.32
4u5j,5.53
2oc4,7.07
3o9v,7.74
4px6,8.4
3s71,8.64
4pft,8.64
4ayt,3.7
4r3s,8.22
4bqw,7.48
3ms2,3.72
3g5d,7.96
5ale,5.95
1zxc,8.1
4zim,8.62
4avs,3.49
1kpm,5.8
2oqv,8.4
2jfz,5.24
2v0z,9.22
2xg9,4.15
1fcz,9.22
3k4q,5.34
2b55,7.02
4nwc,5.76
4zbi,6.51
4fmu,6.44
3bi1,9.92
1so2,9.57
3os3,6.63
3tt0,9.05
3hzv,6.52
4mxa,8.92
4bo9,6.51
2zx8,9.64
1rgk,4.31
2w87,4.65
2f81,10.52
2xs8,4.61
4uu5,5.04
4l53,7.55
1bwb,8.42
4qq5,6.32
4q6f,5.6
4qlt,8.6
3nil,3.46
3hxf,4.96
2d06,4.08
4qp1,3.61
4bv2,3.74
4jyt,7.4
3g5k,9.52
1tok,2.47
1q9m,6.48
1utp,1.44
3k5u,6.51
4m6q,8.21
1jaq,4.48
4a4l,7.82
3g0d,8.3
4v11,6.49
1hms,6.37
1ong,8.05
2kpl,6.64
3m3e,4.43
4vgc,6.9
4kp0,8.65
3dpc,4.36
3su2,7.35
2q11,6.05
4pgd,6.92
1h00,4.42
3rwh,7.4
2x2m,6.77
1h1s,8.22
3m5a,4.96
4puk,7.28
4wy1,5.29
3rwj,7.8
2qi6,10.57
4c7t,6.4
4n7g,5.66
2fle,7.85
1j7z,7.7
5bue,8.52
2o1v,5.3
3il5,5.8
2wcg,6.38
1i8z,8.9
3jqg,4.74
5aol,2.32
4uyn,8.4
3f8f,6.63
2jk9,6.82
1hxk,3.4
4yuw,5.77
4x6x,8.64
3p9m,5.0
7std,10.72
4nze,6.8
2oph,7.8
1exw,3.9
4pkb,6.94
5abg,8.05
2ayp,8.15
3rup,1.57
3vbg,7.48
1fgi,5.0
3avi,3.3
3cwe,6.92
4bao,8.37
2qf6,6.49
3w2p,5.09
4uvy,8.26
4ijq,7.52
1pop,9.0
1nw7,5.09
4wf4,3.11
4cli,8.89
2xsb,4.96
4ie5,4.82
1mxl,3.81
5acw,3.84
1abf,5.42
3tv5,5.32
3ryx,8.14
4myq,7.49
5a2k,6.35
6gch,4.7
4kzc,8.09
4q1y,10.35
3wgg,4.4
3nk8,3.0
4rcg,5.03
1o5c,5.22
5am2,5.01
4dpi,7.11
3hpt,8.19
3ekt,10.59
2cbu,5.68
2wzm,5.22
830c,9.28
3hu2,7.22
3h5u,8.52
4z1j,8.11
4pre,3.74
4q1d,7.78
1kna,5.15
3fc1,8.0
1i7c,6.4
4xuz,7.36
2gph,5.3
4rfy,7.0
4umq,5.38
1a7c,4.0
4oq5,6.3
2hdx,6.26
4q19,8.05
2vte,3.91
4hg7,7.05
1cny,7.85
3zvw,3.9
1xos,4.7
5d9l,7.62
4ca7,7.36
3fci,5.89
2wf0,6.68
4mfe,2.27
4zg6,6.33
1ksn,9.4
1jm4,5.0
3np9,4.4
3eht,5.17
2xm2,4.62
3a1d,4.12
1ih0,5.0
3fh5,7.06
3eyu,7.62
3w5n,3.87
4uva,5.75
1fkg,8.0
4msa,3.3
1i33,4.12
3ugc,6.02
5ali,7.07
4tim,2.16
2ggd,3.8
3max,6.05
2yjw,5.12
1vsn,9.7
2yfx,8.09
1hsl,7.19
2ay6,3.11
1ghz,4.8
4pyn,4.52
3vf5,9.34
1idb,7.96
1y3n,5.55
5diq,5.17
4rqz,5.4
2xbx,7.82
1qf4,6.18
4b33,3.37
3exo,4.62
3eqb,1.82
1px4,3.23
1hv5,8.3
966c,7.64
4z1n,8.23
1gqs,6.3
3qcl,5.4
3g7l,6.72
3zyh,4.29
2ycf,10.52
3fhb,5.7
4j52,8.52
4kn1,6.84
1hbj,8.52
3l7c,2.44
2xi7,5.14
4qh7,5.94
3fuf,2.7
4h3g,8.22
3w2t,7.53
3vv7,5.34
4o5b,8.3
1ppx,7.28
2xm8,6.8
4clb,6.55
1v2m,4.29
3kai,5.41
3ztc,4.56
4gmy,7.55
1hwr,8.33
1n7j,6.43
3d3x,4.16
4ztm,7.6
4k67,3.43
4zz1,7.89
3o99,10.82
4yoz,6.8
1jfh,2.05
3bc4,5.35
3ekv,9.41
3cs8,5.77
1add,6.74
3sw2,8.33
4mk9,8.05
2yel,7.28
4qhc,6.7
4bzr,7.6
3ejp,8.55
4alw,7.57
4hmq,8.24
4djs,7.89
2w26,9.4
4czs,5.0
1q66,5.77
3fat,7.64
4ehz,8.0
3c7q,7.68
3kc3,6.8
4d52,3.11
3wzn,7.0
1ckb,5.28
1tyn,9.7
4jql,6.0
2wxi,8.15
3sjo,5.78
1zc9,3.22
4fns,6.7
2o4z,6.25
3hv3,6.33
1m5b,8.01
1pfu,2.72
1d4p,6.3
2fum,6.1
4alv,8.15
1h7a,4.72
4q9m,7.18
2j7x,8.77
2wec,3.96
2xag,4.55
3bar,5.7
2avm,5.7
5alx,5.48
3lw0,6.4
4tt2,4.66
2alv,4.15
4des,5.85
4ajl,3.8
2zdt,8.02
4od9,7.24
3tiy,4.77
4m5l,4.72
4j8b,4.79
3s54,9.64
4tq3,5.49
4l5j,3.0
2e7l,7.54
2qlf,8.85
1a0t,1.3
1u2y,1.74
1i90,8.89
1ta6,9.13
2q8g,7.06
4x8n,6.62
2ow3,8.52
4ucu,3.35
2epn,7.22
1p0y,1.0
2o3z,5.7
5ahw,5.17
4tkh,5.74
3cm7,6.57
3hy7,6.97
3p4f,5.66
4ggl,9.0
2v58,9.09
2zq0,6.82
1jws,4.85
4du8,5.37
2uzb,6.92
3ara,6.49
4gv8,6.49
3mxr,4.95
4ggz,10.18
4jps,8.3
2fmb,8.7
1hk5,5.24
1z34,3.38
4pmt,6.0
1kug,3.8
4x6h,7.66
2aov,7.04
3m36,9.82
4jzf,6.76
2g9x,7.35
1qb1,6.77
2b52,8.1
3atl,4.76
3v0p,6.28
2ll6,10.0
4e90,8.1
4a6l,8.0
2nwl,8.7
2joa,5.96
3d6p,3.75
2i4w,11.59
3cd8,8.05
4uin,7.62
2vmc,2.94
2vi5,3.96
6lpr,7.3
4re9,4.92
4pks,4.82
3qcf,5.6
4egi,3.82
4bg6,7.16
1z3c,4.0
3vp4,4.73
3uzp,7.89
4aoi,8.4
4l52,8.4
3g4i,9.04
2yz3,6.66
3shj,7.47
3hig,7.89
1svg,8.7
2dua,4.77
4c70,3.52
4ht2,6.54
3btr,5.3
2buv,4.0
5e1o,5.43
1pf8,7.51
2zmj,7.52
3kab,3.2
1fq8,6.03
1zpc,6.6
4zx0,8.0
3t7g,5.2
2ces,7.25
2gg7,5.76
1bzy,8.34
4mlx,3.19
2zym,6.14
4ycl,8.15
2e98,6.23
3ljz,8.14
4m3g,6.26
3rxa,2.85
5bvo,8.3
4mc6,9.59
1v2v,3.37
1d7j,3.3
1sb1,6.89
4y2b,8.36
4qvm,6.35
3mp6,5.96
1ym2,8.0
3n2v,7.51
4dk7,7.7
3twu,5.62
2ypi,4.82
4eoh,4.3
3fxz,6.89
4afj,6.4
1dgm,5.05
4rn1,5.0
4k0o,3.0
4zg7,8.7
4zb6,6.28
1ws4,3.0
2be2,8.7
4del,7.68
4jx7,6.91
4eh6,2.46
4io4,4.61
1bux,4.85
1xhy,6.18
3i5r,4.4
3psd,8.52
2aoc,4.89
3zvy,5.1
4pvt,6.52
4zlo,4.92
4gui,3.64
2yim,3.92
2yiu,6.89
4o75,4.68
3hcm,3.3
4eym,4.01
5csz,7.77
2flu,7.7
3blu,3.46
3ifl,8.08
4lbu,6.56
4fpf,4.41
1bhx,6.84
1di8,6.0
3sus,4.15
2xk9,10.15
4zom,8.52
1i80,6.41
2xch,6.43
1qxk,5.05
1t46,6.43
4jv8,5.85
1jvu,5.15
3pbb,7.02
1fao,7.37
3mi3,5.45
4i4e,6.3
1n1t,3.85
2ay3,3.55
1lkk,6.85
4o15,8.7
4rwl,8.1
3m57,5.4
2m0v,5.97
4acc,7.7
4qwj,5.77
4a6s,5.2
3pwh,8.72
3rw9,5.96
4gts,7.89
3g5v,7.8
2aei,7.07
3d2t,7.12
4msu,5.85
2l12,4.26
4rux,7.92
4w53,3.99
2z60,8.05
2ksb,3.12
4ayy,8.17
3f3t,4.59
1qbr,10.57
5dqe,3.63
1w0x,5.3
3hd3,7.0
2r3y,5.49
4mw1,7.72
1ecv,4.85
4mic,5.3
4n4v,8.7
1o79,6.39
1nf8,7.82
4zj4,8.1
3ewj,6.84
3k97,8.0
4l7u,5.66
2c6l,6.57
4c73,4.92
4g2j,7.96
1o6q,7.64
1cwb,7.89
4uat,5.89
3mtd,3.47
4d8e,7.01
4j2t,7.96
4y2u,3.24
2q92,5.96
2j6m,7.96
2jb6,10.96
1w0z,7.68
2pgj,3.59
3up7,8.21
2cma,6.73
2hk5,7.34
1k4h,5.11
4ac3,3.96
4elc,3.2
2wva,10.7
3ao2,3.77
2xbw,8.0
3fl8,7.27
2xda,6.22
3qts,5.51
1you,9.06
2w06,7.08
2nmx,5.57
3ad8,3.16
4dhm,3.78
5cc2,4.1
3zsq,4.96
2agv,7.7
4qab,9.7
4hzx,9.3
4rdn,5.92
1pdq,5.3
4deu,5.64
3si4,3.88
4cku,6.82
1vj9,7.55
2c5y,6.6
1jg0,5.3
4yha,6.65
3fu6,3.97
1dqx,11.05
2f3e,6.81
2q7q,5.3
1zs0,6.15
1b2m,3.73
1m0b,8.82
4oyt,2.81
2o4p,10.72
3iw4,8.68
4x1s,6.87
3ctj,7.46
4w9s,6.82
2vnt,8.0
1ahy,3.36
4nwm,8.1
4x7j,7.39
1c1v,7.64
1xp1,9.3
1kcs,7.0
1hee,5.34
4p0w,5.96
3hp2,6.17
3tjh,5.41
4pp0,4.4
2ael,6.29
4uvv,7.49
4jq8,8.1
2c4f,7.7
4bfp,7.82
4k7n,3.48
188l,3.33
1r1i,8.54
3cjf,8.2
1ezq,9.05
2r43,6.0
5er2,6.57
2iwu,5.92
3mrt,3.7
4guj,3.05
1j4r,7.72
3tws,5.52
184l,4.72
3adu,4.14
3f1a,7.21
2pq9,8.11
1i7g,6.0
4l7j,3.7
4je8,5.21
1o5g,4.96
3m2w,8.52
2xnm,6.8
5e2p,8.8
2y71,7.37
4jj7,6.4
4j7d,4.7
1hsh,9.42
3huc,5.99
1hyo,4.07
3kqp,3.42
2nxd,5.66
1c1u,8.25
4loo,8.15
4daf,7.12
2c1n,4.11
4pnk,6.6
2imd,8.3
4igk,4.55
1y1m,1.82
4k4f,6.7
5cf5,8.6
2jqi,5.0
3ua9,7.25
3rk9,6.28
4dus,8.3
3pgl,5.3
4l7g,4.0
4dhl,4.48
3k54,9.0
2uuo,3.77
4e8z,6.64
2a3w,5.42
4u6w,4.21
3f66,6.05
3elm,9.72
2il2,7.1
2bub,7.05
4ohm,7.55
1h08,4.55
4wvt,5.31
1met,9.4
4n84,6.29
3oki,7.15
4kij,4.3
2cm7,6.68
4no1,7.57
1gni,8.07
1rsd,6.52
1l0a,4.62
1z1h,8.4
3v5j,7.96
3eys,5.52
1ebg,10.82
3eor,1.4
4fr3,7.15
4ibm,5.74
3uj9,4.63
1py1,4.4
3cen,8.26
4lil,4.9
2uw4,5.28
1xp0,9.0
1m5f,7.83
4r74,8.1
2c92,5.68
2xrw,5.15
4qxo,5.51
2oxn,7.44
5akl,7.07
3qip,6.89
5abe,3.05
2kfh,2.62
2wot,7.36
4jal,4.6
1tnj,1.96
4e70,5.28
3s0d,7.05
2p8s,7.68
4nrt,6.0
2i3h,7.4
2nnp,8.37
3lpf,6.68
2qtb,8.32
2g96,4.28
4lxb,8.15
1ci7,7.05
3p7b,7.74
1r58,6.96
2wi7,7.24
2ya6,5.7
3rx8,6.21
3wvm,5.71
4u6z,5.41
1a50,6.7
3rtp,8.15
3rqg,4.64
1lan,7.22
3nsh,6.33
4eu3,0.82
1f0r,7.66
3wzu,5.89
1llb,6.05
3hit,8.19
3vuc,9.05
3dcr,8.2
4q7v,3.59
4uub,4.76
4glw,6.1
4nka,6.51
2i4t,9.0
3d7h,10.22
3qk0,8.7
4bqt,5.79
4xbd,6.4
1l2s,4.59
2e93,6.96
2xto,6.2
2i5j,6.3
4fnn,7.57
3tct,8.52
3e1r,5.82
4c2v,9.0
3r69,4.43
2fr3,8.7
2ycm,3.56
3mbl,7.74
4qht,4.94
2cem,7.92
3lp2,6.66
3p3t,7.24
2y2i,4.59
2y06,6.1
2vnp,9.92
4hxs,5.39
4hw2,7.26
1c5q,6.36
2z5t,5.62
3qg6,9.14
4a6w,5.72
4xqu,6.07
2qlj,5.36
2pre,6.65
3nyx,7.49
1d6w,5.96
6prc,4.77
3u3u,6.88
4eu0,6.4
2jg8,6.3
2k46,4.58
4av0,6.98
1g37,10.0
1h3h,6.66
5bvn,8.82
2z7h,6.94
2nqg,6.48
3zll,6.4
3f82,8.34
4pku,4.52
4oyo,3.52
5d1t,5.77
4n7m,5.47
3pa5,8.7
3c8b,6.1
4bf1,8.62
1agm,12.0
2i4v,11.2
1ogu,7.47
3jrs,4.28
4or0,7.46
1w84,4.46
1nu8,5.42
4iax,9.56
3np7,4.02
2r4f,8.82
1j16,3.84
1y3a,5.41
2pzi,6.1
3npa,3.87
4l7b,5.64
3udr,4.96
4rio,9.0
3lkh,6.1
2r5p,8.48
4g11,5.0
2m3o,5.3
4xty,9.21
3mmf,7.43
4dgr,5.04
4ehe,8.49
4wy6,5.97
4f6w,7.52
4odf,10.0
1p02,7.17
3l4x,6.89
1z6p,6.05
1xdg,7.3
4i7m,4.14
1g50,6.28
4qwx,6.27
1xnx,6.38
3aqa,4.55
2vtn,6.07
4n9b,5.28
1rst,4.43
2oiq,5.0
2lpr,8.89
4qt1,8.15
2cc7,8.01
3bxh,4.03
1g1d,9.44
4enx,6.26
3t2v,6.99
2hzi,7.15
4x7h,7.38
3tic,8.87
4l7n,4.84
1k08,5.34
4qev,7.66
1ao0,4.96
3juq,4.91
5dhh,9.18
2c80,5.33
4e3d,2.3
2q6b,9.52
3i90,3.3
3ps6,7.74
4whz,9.0
4kbi,7.49
3udp,5.22
1vja,7.7
4lkq,3.35
1ela,6.36
4bj9,7.35
4q9o,5.77
3uo9,7.1
1y3w,5.77
1tnh,3.37
4dn0,5.72
4nmq,4.49
3fui,6.8
4r5x,5.26
2won,6.2
3p8h,5.3
2xv1,5.99
1hi3,4.19
1if8,9.64
1sw1,7.3
4b7j,7.95
3nmq,9.7
4ymh,6.46
3o88,6.37
5alm,6.53
2j94,6.27
4ge5,6.57
2ogy,4.48
3i0r,8.52
4o42,4.66
1b6h,7.82
4fe6,10.0
3sud,9.85
4anv,6.36
4nbn,4.36
5can,6.91
1m5c,6.3
4jvq,6.2
4eop,6.05
4ei4,8.74
4usw,2.69
3zm6,6.52
4ode,10.0
5aen,7.22
4kpz,2.71
4q7w,2.64
1bty,4.74
2bks,7.43
5a83,6.8
4cpx,7.77
4aq4,6.17
3g86,8.3
3vzd,6.3
1e00,6.1
3ff6,7.15
4tkf,6.55
2w47,4.98
4u0d,4.31
4exz,7.54
3kfa,7.6
4ibb,3.57
2qrg,5.18
4h3j,7.05
2vu3,7.33
2pv1,7.14
4djp,10.55
2hxm,5.22
4j3u,6.34
4ckj,4.84
3elc,2.69
2wuf,4.29
3ump,2.99
4otg,7.59
1n8v,6.03
1a9q,6.17
3o84,7.24
1gj4,4.07
2j50,7.89
3prf,8.85
3f16,8.23
1hp5,6.55
4z2j,6.43
4bs0,5.7
4dea,6.59
4r3w,3.0
2yme,7.66
3che,5.29
3oim,6.74
2q80,4.6
2ll7,8.8
4z7h,6.66
2x5o,4.07
2rfh,6.82
3dya,8.52
3bt9,5.71
2gz8,5.52
2lp8,7.52
3cfs,5.96
3qt7,7.31
3k37,8.92
4yti,7.89
3rdq,9.31
4cpr,7.46
4l7r,5.02
3zbx,8.22
1il5,2.66
3r7o,8.36
3fyz,5.8
3omm,7.43
4yqh,8.05
3nif,5.1
4qr3,5.85
3vbt,4.43
2x6k,5.64
4nw7,6.63
2q7m,8.8
2r0y,3.0
1g49,7.8
1i9p,8.41
4ym2,2.85
2vtm,3.0
2pcu,3.04
2v2h,3.77
1fm9,9.0
3g2t,7.0
3faa,8.15
4my6,5.62
1olu,4.41
3k0h,4.6
3p8n,9.28
1xbo,6.04
4k6z,8.7
4asd,9.28
1los,7.19
2yir,9.77
3dx3,6.52
3w5e,7.96
1g3e,5.38
4e49,5.11
4bhi,7.05
1ek1,7.77
2hh5,7.49
2m3z,6.57
3bmy,7.52
4gk2,8.8
3fu3,2.84
4yz9,7.7
4g19,3.58
4qb3,5.47
1ai5,3.72
4idv,7.4
4gtr,8.3
3e3u,7.89
4tv3,8.72
5ctb,7.64
4jfj,5.68
4det,5.68
1xkk,8.52
3dz6,7.82
4oya,6.44
3sgt,3.82
1ghy,8.1
1hrn,8.05
4dq2,7.52
2h3e,5.7
2nv7,8.3
2bpm,8.7
2ork,2.85
2c5n,6.66
3bel,7.85
3h8c,7.72
1ya4,4.82
4j8t,6.77
1ilh,7.39
1z6f,4.89
4lke,5.37
3owk,5.82
4jlm,7.64
4f08,6.6
3ibc,4.91
1o2h,7.17
4x8p,5.48
4dfg,11.74
2adm,5.7
3rhk,6.26
4fem,4.06
1caq,7.72
4cwp,6.77
4gm3,9.0
2dwx,3.74
3e5u,5.85
3sfc,8.52
1mq1,6.59
2gnf,5.22
3gjd,7.33
1b0h,6.7
4yth,8.7
4ejn,8.3
2r9m,8.82
3a4o,8.89
4kn7,7.62
4n3l,7.0
1hc9,8.72
4an9,7.36
4rs0,6.0
3r8v,5.54
2hiz,6.95
2a3b,3.33
3r00,5.07
3t3v,8.52
3rwc,8.12
2w3o,6.72
1rww,8.3
3r7b,6.15
3l2y,4.49
1g9a,5.3
1syh,6.41
1zea,5.22
3kqs,5.2
2nww,5.48
4z2h,5.08
4lrh,9.72
1w5y,8.48
3kf7,7.4
2aqu,9.32
4exs,4.41
1yvf,7.0
3rv6,4.68
4ngp,7.96
4o0b,8.3
3ryw,6.24
2o9v,3.54
3ime,3.0
3b3x,3.6
1u0h,6.96
3c3r,4.39
4emv,8.3
2ooz,5.15
2v2c,3.41
4hnp,6.78
3ru1,4.85
4e0w,7.48
1q72,6.85
3dp1,5.0
4bfr,7.64
4l0l,7.27
4zzd,6.6
2qwb,2.74
3uz5,7.22
2ima,6.52
4ij1,5.4
4jbo,7.62
4yyn,3.96
4bhf,3.46
2o5d,5.15
4otf,8.22
3r92,7.02
3ubd,5.54
4isu,3.68
1tmn,7.3
4o3f,5.56
4nct,7.55
4y87,7.24
1mm7,7.7
4uwf,8.15
1pxh,8.74
4o3t,4.37
1qji,4.85
2vl8,4.52
4eb9,8.27
2wk2,6.82
3l13,7.82
3wv1,11.41
1i91,8.94
3h52,4.85
3hf6,7.59
4x6y,7.72
4o4r,6.06
4nnn,6.57
4xx3,7.25
4lwv,8.22
4rvt,5.72
1sw2,7.22
2ozr,9.17
1nju,7.3
4e5g,4.67
3ahn,7.05
4ov5,7.43
2zg3,2.06
4q81,3.02
1yc5,3.0
2wl0,7.8
4csd,5.91
4agm,3.98
4z7n,5.04
3r6g,7.6
3uol,8.51
4ufz,6.31
4q9z,7.26
4y2x,6.29
2ca8,4.66
1z71,9.18
1c8l,8.16
1thz,5.15
2vtl,4.01
1g74,6.52
3u8h,6.49
3kwz,8.4
3tu1,6.6
2bed,8.15
1tbz,9.8
3oeu,7.51
4ryl,7.28
4nbl,6.33
2qtu,9.28
4u6x,6.38
1ao8,8.22
4prp,5.66
1e5a,7.64
1sbg,7.74
1e3v,4.34
3ldw,7.97
2xxx,6.41
3zpu,8.38
2wyf,4.43
4jzi,7.4
1jvp,5.8
3lpk,9.1
1lxh,7.19
1bhf,4.38
5alw,5.15
2y2j,4.8
1qvu,4.46
2h2j,5.38
3eyf,7.03
2o65,6.19
4q0k,4.87
4csy,3.06
4xqb,3.79
4kvm,5.05
4fbx,7.66
4bam,8.94
4bch,7.66
4ff8,6.4
4ylu,4.0
3ktr,6.15
2h6q,5.11
2uym,5.51
4i8z,11.05
4og4,6.02
1d7i,3.6
4fxj,3.62
1lf2,7.52
2ojg,5.64
4p4t,4.39
4jlg,8.7
1tkc,4.85
3udv,5.59
1i3z,6.88
3d8z,3.37
4i11,4.57
4rrv,7.4
5cgd,9.3
3atk,2.85
2vo5,4.89
3b8h,4.2
5aki,6.12
1u9e,8.24
3vtc,7.89
1yyr,6.29
1lpz,7.6
3hvj,8.7
2qmf,8.52
4b6u,5.11
1pph,5.92
2ctc,3.89
4mwr,9.39
3ijy,6.04
4qt0,6.29
1q83,12.39
4i7c,8.22
3uat,6.66
3itu,4.4
2h8h,8.57
2wd1,7.09
7prc,5.21
2a5b,3.93
4to8,1.24
1bl6,6.8
3puk,4.74
3mxs,5.01
4oel,7.0
3bys,9.3
2p1c,7.68
3coh,8.4
4nga,7.77
4zxy,6.4
2igw,1.31
1rpj,6.48
3al3,5.68
4en4,5.52
5aut,5.17
3vc4,7.62
4uzd,9.22
4nrm,3.2
2g9v,5.92
4o7c,5.0
4duh,5.18
2cbs,8.22
4ln7,7.39
1rlp,5.1
4tki,6.38
1zgi,5.34
4x1p,4.2
3evc,6.91
3ujc,4.59
3jqa,4.46
3cft,4.19
3wmc,6.51
4qfn,4.12
8a3h,4.06
2llq,5.82
2bt9,6.19
3tzd,4.28
1xuc,7.14
4j09,4.77
4rvk,7.87
3new,5.0
4jym,5.04
3ri1,5.3
2vj6,7.89
1uvt,7.64
2q7u,8.7
4wf2,8.1
1m1b,4.66
4y2v,4.04
3odu,8.14
4pge,7.77
3lnk,5.94
4b77,5.1
3k9x,8.4
2gg8,4.6
2kaw,4.97
4bks,3.82
2c1q,13.0
1ekb,6.0
2khh,6.56
4dma,6.19
4dfl,6.17
3jzs,8.1
4o09,7.7
1apw,8.0
3h9k,7.85
3gnv,7.03
4qzx,6.26
2xaj,3.77
2ada,13.0
4nmp,4.04
3rxp,2.08
2viz,6.22
2oz6,5.26
3oot,8.7
3fq7,2.52
2ybu,6.38
1bma,4.59
4no8,7.15
3vrv,10.54
2q6c,7.78
1jrs,6.4
2vxn,5.0
3l6f,6.99
1pau,9.46
4hki,6.85
4n8e,7.7
2vle,7.1
4pop,8.13
2jew,6.69
4q1n,9.7
4hnc,3.17
4ozl,4.97
1r0x,3.83
1jq8,6.0
4wkp,9.55
3cd7,7.84
4gtt,8.22
3tdh,4.26
1zd4,3.6
4uwh,8.52
1v2o,4.73
4mrd,3.37
4qdk,5.85
3q2j,4.18
4j0z,7.11
2vl4,6.01
1o3d,7.13
3lgp,8.7
1ecq,3.0
4q06,7.66
4hrc,8.92
2j4g,6.6
4iaw,9.63
3d4q,10.52
3k5i,4.7
1yhs,8.0
4y46,7.96
4o36,6.36
3fsj,3.95
1nl4,9.41
5apj,7.4
3e62,4.39
4hgl,8.1
2xyr,6.13
4tun,5.41
2hj4,5.37
1lor,11.06
3rt4,8.8
1ohr,8.7
4ayw,4.0
3u4i,3.89
3lhg,7.7
3lzu,10.06
5bml,8.0
4hlh,5.96
3ta0,3.47
3vp3,4.95
4mrw,3.3
3sfi,6.4
4pf3,7.29
4i0f,6.35
4zba,5.51
2v6n,5.86
1s64,8.4
2v88,4.09
1ftj,6.09
4p5e,5.55
4a2a,4.35
3bcn,7.12
2fb8,9.8
3e0q,5.89
4g2l,7.49
2bua,4.52
4fgt,5.41
4yl0,8.22
3dd8,7.85
3exe,6.96
4qxq,5.7
4dho,3.93
3gk4,3.92
4pdk,8.22
1hmt,5.79
1tnk,1.49
3th9,7.7
4wt2,10.42
3p9t,6.2
4uiy,5.6
3m93,6.62
3dxk,6.33
3d1x,8.66
1jpl,5.0
2pfy,6.52
4ke0,7.77
4mz4,7.89
3kid,3.18
2wkt,4.31
3tao,5.14
4lte,7.22
1ax0,3.13
3rdh,5.03
4ykj,4.43
1ox9,5.21
1dhj,6.55
4ypf,2.7
2uw5,7.51
3doz,5.7
2mlm,5.21
1yq7,7.09
1uyf,4.52
4l58,4.68
1fd0,8.4
1wvj,6.73
3sur,4.15
4z7i,8.11
3uwo,6.36
1z3j,8.0
2tsr,7.54
2r3f,6.3
3qzt,4.0
3fqk,7.09
2oc0,7.82
1cnx,7.37
4q1c,8.7
2hvc,8.82
3kry,10.0
1yvx,5.1
1dmp,9.55
2iyf,3.75
1yz3,8.81
2y1o,5.09
4a9n,5.82
3zm4,5.96
2gnj,5.22
4f3k,10.16
4oue,3.3
1o0o,5.1
2fm2,8.15
1qkn,8.47
4w52,3.76
4mc2,8.19
3zmg,7.64
4io8,6.64
4b34,3.14
3p9j,7.51
4gql,9.59
3s2o,5.05
3wzp,6.82
3b5j,5.68
3tiw,7.67
1aku,6.13
3sow,5.14
1lrt,5.64
2e9c,5.96
4o6e,9.0
1drv,6.54
1rri,5.82
3chc,4.09
3fue,2.82
4kn2,7.27
4oem,5.3
4ezq,5.2
4gtm,8.04
1fsy,6.82
4cjp,3.32
3lnz,9.31
3w2r,7.72
2r58,2.0
4q46,3.77
1m9n,6.92
3zq9,6.02
3s9i,5.7
3sv9,5.0
2v5a,6.82
4ty8,2.03
2lto,3.11
4bda,5.57
2oxd,6.82
1ind,10.05
4osf,5.44
4ndu,2.74
3q2g,8.46
2wpa,8.1
3q7j,4.52
4ajn,7.16
1a42,9.89
1xt3,5.7
2wwj,4.48
2reg,5.64
5d9k,8.4
1rhk,9.11
1h1d,8.22
4x21,7.44
2f01,13.0
4wvs,6.27
3zc5,7.13
1avp,7.92
2ceo,10.0
4n6g,5.47
4c3k,4.97
3qaq,7.0
1xxh,6.11
3qnj,6.0
3ew2,6.67
3uqp,7.31
3v2p,6.36
1gt1,6.0
4p02,6.4
4og3,6.55
4oz3,4.55
4el0,4.49
4b3d,2.68
4np2,2.26
3olg,7.84
1kf6,6.7
1njs,7.82
4eg5,8.1
3el0,7.47
4ona,8.15
3lir,6.92
1uwt,5.97
3sha,5.59
4uco,7.0
2jk7,7.17
4aji,3.55
4hbn,6.1
4zwx,8.7
4acg,9.66
4jiz,5.62
1vyz,6.54
3e9h,7.55
1xr9,7.15
3hyg,7.03
2xqq,4.82
4cqf,4.3
1ppm,5.8
4ufm,3.72
1amn,13.82
2itk,7.69
4kmz,8.57
1f9e,8.7
1nl6,11.32
4zjj,8.0
1r10,3.83
2yak,8.7
4ez3,4.35
3ogp,7.44
2ilp,4.82
3w2o,5.08
1nkm,7.3
3m89,6.16
1bkm,5.74
4d89,8.7
2xni,7.37
1y6a,7.66
3d94,6.8
2byh,6.59
3bmn,4.46
3poa,7.0
3c43,7.72
4b82,4.39
4j22,7.74
2q64,8.52
1e34,2.88
1w6r,6.15
2w97,0.96
3mw1,9.09
1lf8,5.46
1p28,5.42
4b14,6.22
1ll4,7.22
2yi7,8.32
2fjm,6.85
3fr2,6.23
2w12,4.65
3m6p,8.35
4lkj,6.7
3az9,6.0
3cy2,7.22
3kqo,3.85
4d8c,8.7
4bgx,1.77
4ciz,7.29
3fgc,3.92
3nij,4.89
3n2u,7.84
4mot,7.3
4gw5,5.46
1bju,4.8
3qd3,8.0
4ad6,4.78
3lk1,4.26
3bzi,5.74
3zlx,3.8
2xk8,5.62
4erq,7.12
4bsq,9.15
1e1x,5.89
4eo6,8.7
4pvv,6.48
4x1f,7.97
1nde,7.82
3r2b,8.4
5ea3,8.77
4l4z,5.68
4mq1,7.92
2qki,6.41
4xs2,5.82
4bs5,8.22
2pe2,8.4
1rt2,8.22
3p3g,9.74
4bdh,4.11
2w1e,7.92
3tkw,5.27
2q1j,9.1
5azg,5.54
4nb6,7.22
1lpk,7.55
1h1r,5.64
1o4m,1.4
3ud9,4.67
1c7e,6.3
3ftv,2.93
4ivk,3.85
4x3u,5.09
3qyy,5.08
2wxf,6.74
3clp,3.69
2rke,4.08
3uzd,5.05
3v2n,6.1
1ibc,10.25
3eks,5.7
1g6s,5.15
4ewr,6.27
1wm1,6.3
4y2j,3.1
4klb,4.16
3zt4,2.8
3tfk,5.01
1s5z,3.21
2i3v,6.55
1b9t,5.1
1lag,6.3
4gg5,9.03
2rcb,6.79
1o2g,6.12
2vwl,7.02
4ded,7.42
1gx4,3.24
4cps,8.27
3nfk,3.8
2a5u,8.1
1ogg,5.19
3ex3,4.44
1iau,7.1
3tz2,5.24
3nth,4.32
4qok,5.19
3ck7,4.05
4url,6.3
1d1p,3.6
3n0n,7.3
2hoc,9.52
3p3s,7.59
1hti,5.13
1oai,5.0
2y6s,6.99
3wq5,3.85
1b6j,7.92
4cae,7.74
5d6q,5.24
1c2t,6.59
3uqg,5.0
1h3b,6.85
3t60,6.7
3n8n,4.57
4na9,7.39
1f4e,2.96
1k6c,7.48
2bal,6.31
1wbo,3.0
2wgj,8.7
3vx3,7.82
1qja,6.38
1cim,8.82
3s22,5.46
3ms7,3.43
3hf8,6.51
4hhy,8.72
2vip,5.28
3mna,7.39
4bgh,8.4
2ydk,8.15
3e12,5.99
3tlh,8.82
2qu2,5.43
3s3v,6.23
4gs9,5.66
3pwd,6.66
2a29,2.85
4qp8,6.55
4y94,6.62
4rx5,8.52
2v12,9.05
2oyl,6.3
1bgq,8.57
2p99,5.94
1y3y,5.64
4g0y,2.3
3d25,7.66
1oqp,7.3
2i3i,7.3
2bq7,7.05
5edq,8.7
1jdj,2.3
3vfa,9.19
1cil,9.43
3r5m,4.34
1uy6,3.7
4pd8,6.03
3fyk,7.4
2p16,10.1
3u8d,6.33
2mas,7.52
4nud,7.07
4jjs,6.7
3rv7,4.85
4q7p,4.32
3bcs,5.21
3o9h,12.1
4b6c,6.16
2v22,5.39
2ww0,5.3
4ogn,10.0
4n3r,6.82
1q6n,7.64
2xk3,5.68
4i74,6.72
1eei,3.15
1oe8,5.52
1o3e,7.96
5auu,4.68
2qhz,7.28
2ql7,6.26
2wnj,6.48
3bxf,5.54
3qdd,8.77
1yet,5.92
4clj,9.15
3djo,4.39
3mg7,7.89
3hqr,5.52
4eh2,3.16
2xfj,7.89
1u71,7.48
3mg8,8.92
1akq,9.1
3alt,2.92
3jxw,9.0
1udt,9.3
4qj0,7.32
4ez5,6.52
3o5x,5.28
5alc,8.13
1pbk,9.05
1i43,3.7
4da5,6.44
1rhq,7.75
4o1d,7.62
3gb2,7.47
2wi1,2.4
2qq7,5.24
4a6v,5.72
2on6,6.76
3kl6,8.46
3i6m,6.46
5abp,6.64
2ajd,10.8
4p0b,6.54
3uvp,7.46
3umw,8.52
2xk4,4.77
4mr5,6.6
1yej,7.46
4i8x,2.64
2r3o,6.22
4uv9,6.01
3rl4,5.42
1yvm,6.4
1w80,4.54
3atm,3.06
4ohp,7.46
3zpt,8.51
2bjm,3.7
2qx0,6.11
5efa,4.83
3uwl,3.68
4jv9,5.74
3udj,3.62
4ygf,7.68
3ctq,7.4
4zz3,6.0
4ksy,8.42
2np9,5.57
2l8j,5.52
4kwf,4.82
4mdr,4.39
3zvv,3.04
3chs,7.77
1n4h,6.55
1f8b,5.4
1tjp,4.42
4ezk,8.2
3iet,6.85
4hdc,8.92
1zfk,7.92
3krd,8.17
1b8o,10.64
4g93,3.52
1x1z,11.06
4y2p,2.66
3dst,9.08
3zy5,6.64
2uwp,6.81
2ha5,4.34
4ykn,8.0
3kmm,9.7
1pgp,5.7
2fah,1.3
2rka,3.0
3eeb,5.89
2o4j,10.1
1g3m,10.0
1t37,4.35
4jpy,4.43
3rwp,9.22
3moh,2.84
1g2m,7.4
3fcf,4.4
3rxk,2.68
4k6i,6.2
2qi1,7.3
4ohk,8.3
3qi1,7.66
4wnp,8.1
3uxd,4.41
1pvn,9.82
3l58,8.1
1y2g,4.08
3s3q,8.77
1k9q,3.15
3u92,7.48
1pwu,5.68
4bhz,4.27
3omg,4.72
1hk4,5.31
3f6e,2.38
4zl4,7.86
4uxh,5.96
4c1f,4.63
4gfo,6.62
4k4e,7.62
4m8h,7.6
4mzl,5.62
2wxp,8.52
3i9g,8.96
3o3j,6.4
4gly,5.11
4ra5,8.4
3qw8,5.1
2w85,5.04
4qqi,5.52
1o2j,6.92
1me3,7.19
2wxl,8.34
4fys,4.82
4c5d,5.4
2bqv,8.05
4j3d,8.28
4x13,3.3
1mrx,7.26
3d1v,3.49
4h3c,5.72
3el8,7.6
3t4h,5.28
3w5t,4.52
4ydq,6.52
2xjg,7.82
4zvi,6.33
4g9c,8.64
4yp8,7.89
3f5j,4.28
3ksq,9.42
2cfd,7.49
3fv7,5.64
1pz5,5.4
2i6a,9.05
1h0a,5.44
2qv7,3.66
4qye,5.92
1b6k,8.74
1yt7,9.89
2w0d,8.7
2cv3,6.57
3bym,8.22
1s9t,6.82
3g9l,6.13
3oz1,8.7
2k2g,8.12
4fxy,7.54
1k22,8.4
2giu,8.82
4dve,9.52
2x2c,7.72
1dar,4.96
3bet,5.82
3p2e,6.22
3rtm,4.42
2azb,7.19
1gvw,6.96
4f1l,5.12
1nms,6.7
1ggd,5.8
5ap2,8.48
3at4,8.1
4gwk,3.34
2qbu,6.19
1h8s,5.81
5tmp,7.47
1a1c,6.4
3iw7,5.64
4bak,8.91
4q0a,6.48
3sbi,7.92
4g8v,5.8
3l1n,5.63
4urx,2.89
1k03,6.0
4ot6,5.92
2qrk,4.26
2ql5,8.1
1h1q,6.0
1d4i,8.85
3pax,5.0
2mwo,4.7
4pb1,2.82
4qxt,7.8
2p8h,7.15
2p3i,3.48
2qu5,8.06
3rsr,4.36
4azp,5.9
3kiv,4.7
1bnv,8.77
4b1c,7.1
1t4e,7.1
1gzc,3.49
1mqi,7.63
3mtw,7.04
1ftk,4.84
1tfz,8.15
4wnk,6.42
4eeh,4.35
3gw5,9.33
1swr,6.92
2igx,7.27
3nes,5.62
2pgl,3.59
4tw8,5.58
2itz,8.59
1usk,6.4
3pxz,5.23
3bi0,7.85
1iyl,9.0
3c2r,3.11
2xml,3.3
3aox,9.08
4jvj,7.66
2gyi,7.0
3ddg,6.0
1bdq,6.34
3mpf,6.37
4az5,5.99
2rku,8.3
3gc4,7.6
4hai,8.1
2brg,5.21
2r2b,4.2
2wf5,6.0
3ms9,5.22
1rtf,3.04
2wqp,5.51
2er0,6.38
4cd4,6.58
1zz1,6.02
4joh,3.35
3hzy,7.0
3hqy,7.94
2rjs,2.28
7gpb,5.52
3f8w,4.08
2p83,7.96
3guz,4.38
3pcu,5.29
1yei,7.46
2pnc,3.33
3nzx,5.17
4fcq,7.0
3ttn,7.84
4b7n,8.78
5aes,2.89
3fqa,0.49
3iqj,4.93
4tln,3.72
1w1v,2.2
4idz,4.36
4lnp,3.67
1m2q,6.1
2c8x,6.66
1br5,2.7
2w77,9.19
2y77,6.6
2chx,7.74
3ocz,7.46
4bw3,6.3
5aep,7.17
2wyi,4.74
5byi,7.51
2ha7,3.36
4q6e,6.18
3ckt,6.32
4o74,7.6
3i28,8.22
4ciy,4.57
4x69,7.66
1t32,7.42
4eol,6.05
4i9c,5.51
2xp5,3.44
1kav,5.82
1lee,7.74
4qsh,5.1
3pwk,3.35
1m0o,2.31
2uxi,7.3
2zfi,3.46
1w5x,8.4
2hiw,8.1
4deb,6.43
3mz3,7.83
2drc,9.89
4u54,2.06
4xjr,5.32
2anl,6.96
1x8j,6.96
4hy5,8.89
3b8r,9.22
5ai1,6.47
2g78,6.92
1t1s,5.15
2c57,3.43
3mhw,2.3
1j4k,4.0
2oi3,6.64
2bpv,7.67
3mdz,9.1
1iih,2.89
1sri,6.08
2v11,8.52
2q54,9.01
1yy4,8.6
3umq,4.62
4gmc,7.74
2pjc,8.72
4rfz,7.4
4p3h,6.0
4hvd,8.85
3hp9,4.59
3t4n,4.14
3g70,9.4
3a2c,6.9
4hyi,8.52
2r3i,6.0
4b7p,9.46
4yw7,6.89
4wgi,5.35
1em6,8.22
1ktt,5.82
3iny,3.66
1qbv,5.39
2vcq,6.04
4kiu,3.85
4erk,4.57
3k15,4.92
4djx,7.23
4jju,6.29
2qmd,8.3
3fqs,7.39
2x95,4.95
4ef4,5.35
3po6,7.06
4awo,7.62
1ft4,6.57
2b53,6.22
4dhf,7.55
2jdk,6.54
4n5t,8.15
3rl8,5.98
4o1b,6.41
4ish,8.72
4ck3,3.57
2pj1,8.01
4f7j,5.24
3nzc,7.02
4pfu,6.17
4zuo,6.41
1l6y,3.66
4ibi,4.14
3ewu,4.62
2hjb,4.39
2wu7,6.28
3hv7,7.92
4oq6,5.48
1k9r,3.3
4prh,4.6
5aph,7.22
3uil,6.0
3e6y,5.6
2o22,7.17
4c6z,3.45
3mvm,8.41
2a2g,7.0
1kds,5.77
1tcx,6.95
2bvs,4.1
1klu,7.6
4qyh,8.89
4jrv,7.54
1g9t,3.28
3uvm,7.52
2vhj,3.9
4kz3,2.77
4x5y,8.03
4buq,8.14
4hdf,8.49
3vhd,9.28
3uo5,7.41
4mk0,5.2
2ovx,8.7
3ud8,5.38
1w9v,6.34
3vd9,4.0
4xyf,9.0
4g8r,7.66
3uvu,7.38
3gjw,8.3
1fkf,9.4
1d3q,6.54
3ivq,4.12
3d3p,8.5
4abv,6.07
4kip,8.15
3ao5,2.23
5fl5,8.19
4wq2,6.3
1nfs,9.92
2vsl,8.4
4o24,4.3
2zu5,7.0
3io7,7.77
2ivz,6.04
1w22,6.76
3g0b,8.15
3ovn,2.55
3ppj,8.7
4o3a,2.59
2gfj,3.82
3wq6,4.59
3vzg,1.72
4flk,5.25
3ans,6.25
3f9n,5.89
4u0a,4.3
4cwb,6.09
1eol,13.42
4bw4,6.2
4dcv,4.59
1tvr,7.48
4efs,8.6
3ubx,7.6
2z6w,7.87
3kjd,8.54
4g17,7.54
4zk5,8.43
3oct,8.3
3dg8,4.7
2vj7,7.4
2uz9,5.71
6cgt,6.0
2pqc,5.74
3hb8,5.12
2h42,8.62
3mp1,6.1
3jqf,4.46
2pu1,5.85
4i33,8.33
2xm9,8.05
2h5a,5.1
2pqj,8.2
2pv2,5.91
2c9b,5.54
2qiq,4.1
3ft8,7.52
4aa5,7.8
3tku,5.72
2lbm,6.57
4ojq,3.3
2y67,3.53
1ucn,5.22
3u7l,7.28
1vcu,3.85
3su4,6.26
2hz4,5.47
1nm6,10.05
3wk7,3.9
2y9g,3.77
1bmn,8.44
2wo8,6.28
4ii9,6.03
6fiv,8.08
4cwq,7.06
5c5h,6.4
3bgs,9.42
4mro,7.06
3jzo,8.52
4f9u,6.03
1ec2,10.0
4cc7,4.33
4rxa,5.74
3qtw,6.19
1cpi,7.41
2ayr,9.29
4phv,9.17
4k3q,3.94
1h9l,3.12
3vp2,5.1
2xas,5.89
4b80,4.4
1lst,7.85
5dls,8.36
1hpo,9.22
1m74,7.0
4azb,7.24
3w33,7.44
2hb9,4.82
1ynd,8.44
1b4d,4.81
2of4,7.09
4wkv,6.79
4x3i,3.17
2xoi,3.34
4c4i,7.66
3psb,8.52
1y6b,7.42
1w5v,8.15
4rvl,7.38
3bgq,7.96
3zj6,6.66
2wxo,7.05
3csl,7.22
2qoe,7.6
2oax,8.65
3rwd,8.0
1f5k,3.74
4po7,7.07
1a4q,5.44
2fxv,5.35
2oaz,8.7
4o9v,8.0
3f8e,7.23
1c5t,4.1
3bgp,7.04
4ark,7.2
4umu,6.19
4a9i,4.9
4j78,4.65
3arr,5.4
1y3v,5.64
5c7c,5.26
3qn7,6.8
4g0l,5.19
1yi3,5.4
1yxd,5.3
1qyg,6.85
3lle,4.97
1g7p,7.05
3cwj,8.0
4wuy,7.82
2ym7,6.89
3muk,3.42
4ikr,6.23
3ttp,9.12
4kv9,3.84
7lpr,7.18
4o0a,6.72
3cp9,7.32
4qfp,4.23
1qy1,6.52
3e64,7.11
3h23,4.71
2w3k,10.1
3qu0,7.7
1lzo,4.54
2w1i,8.92
5dde,7.19
3adv,3.03
4avh,7.23
4ran,7.15
4do3,4.1
4yym,3.62
1n1v,3.85
4wz8,7.21
4j86,3.77
2ybp,4.62
1i7i,6.7
4pd6,4.44
3i5n,7.85
4msg,10.0
4mf1,9.15
2vwo,7.51
3wff,6.18
2bxt,8.52
4eo4,6.35
1wvc,4.46
3g08,8.16
2flr,6.1
1yly,7.82
3tfv,7.1
2jql,6.52
4ye3,8.37
2vr3,4.98
2jg0,7.82
1g2l,7.24
2o63,6.11
2xvd,8.7
4y8z,10.4
5c4u,8.72
1c84,5.0
4mwx,7.12
4q1e,8.17
4xu3,9.5
3haw,6.0
4dht,4.82
4w54,4.17
2ow0,6.7
4y8y,9.15
1tve,5.68
4n1z,9.14
3iit,8.02
1wss,7.77
3r4o,8.15
3dx0,7.44
1jwm,3.57
1k1p,7.92
2q2z,8.7
4ef6,2.92
4b0b,3.33
4quo,7.92
3d9o,3.0
2iu0,6.89
2rc9,7.4
4qls,7.44
3h0q,6.07
1rhj,8.04
4cfl,5.88
2a4q,7.18
4dff,7.46
1umw,6.55
4p6g,8.11
1c8v,6.33
2bro,5.85
2qbs,6.68
4ppa,9.1
1owj,7.32
2ya8,5.75
3q71,5.22
3wax,7.89
2xde,5.47
3dp9,9.68
1hkj,8.59
4yvz,5.52
5cy3,7.8
4hy9,7.1
4jg6,6.44
2rok,4.35
2ohv,6.46
4q1w,11.7
1hqh,6.3
4jkt,7.09
2jjr,8.2
3sk2,3.61
3fzn,4.01
1l2z,3.69
2z4b,9.36
3hfj,4.44
1zp8,8.77
3vb5,5.34
4n8d,4.92
3cr4,4.28
3bpc,4.8
3vgc,5.51
4pra,5.66
2fx7,7.7
3eql,5.3
3d9l,4.17
2vur,4.52
4l2f,6.23
1yc4,6.55
3waw,6.24
4xt2,7.15
2dbl,8.7
1bxo,10.0
1e3g,9.0
2nt7,6.52
3uoh,7.89
1ol2,6.28
4qr5,7.22
5ak2,8.41
1i9m,8.48
4htp,5.62
3f35,3.16
1uv6,5.12
4dsy,4.43
3jsi,8.68
4j8r,7.7
4a9u,7.22
1aqc,5.34
3pd9,6.22
1fbm,6.22
3tdz,6.82
3il6,6.57
4re2,4.98
4u5n,2.48
2y7w,4.98
4bo4,6.89
2m3m,5.02
4r95,7.85
3vyf,8.8
1o33,5.74
3avj,3.3
1ppk,7.66
4b76,4.54
4u7q,9.74
2kfg,2.92
2x85,3.89
3dbs,7.12
3v4v,7.38
3pab,4.7
2wij,3.2
3que,8.82
1oim,5.32
3okc,4.44
1q84,11.05
4e1n,7.17
2q38,5.23
3kf4,9.3
2jo9,4.28
4knj,7.95
3d20,8.3
3m58,5.48
4an3,9.22
1tuf,4.05
3rkb,6.42
2vpo,5.42
4v25,7.08
4q4r,6.43
4std,10.33
4j0r,6.41
2vcj,7.68
3d32,6.45
2weq,5.9
3nf8,3.0
3wc5,8.7
2hwg,3.55
4uac,6.54
1qs4,5.64
3dhv,2.96
3tu7,8.09
4aaw,6.3
1r6z,5.0
2o48,6.01
4hy1,8.7
3h2c,3.3
4qhp,8.05
2ceq,7.28
2jgs,6.62
1o8b,2.68
4x2l,4.44
2vwx,7.4
4d88,7.31
3v7d,6.39
3sl0,2.7
2i1m,7.62
2uzn,7.52
4jg7,6.92
4mwv,9.4
4cqe,8.43
3bh9,6.93
2cgu,4.87
4qz7,5.65
4qwu,5.51
3rcd,7.77
3bl9,7.18
4c71,3.42
1mtr,8.4
3wgw,5.89
2fsv,4.6
1eb2,6.01
1kv2,10.0
3fr4,6.19
4alx,7.28
3qcj,6.3
1o4g,2.3
2w76,5.0
2wxn,7.68
4ysl,5.8
3h6z,5.82
3mg6,7.89
1yid,5.0
4zpe,6.35
1jr1,8.22
3eko,6.7
1yys,6.33
2pov,7.12
4ce2,3.84
1fo3,6.7
1iem,7.7
3usx,5.02
4yzn,4.81
3o4l,5.09
4jve,7.07
2ank,7.33
3g1m,6.3
1atr,6.96
3g4f,4.52
3u18,6.09
1c7f,9.52
2uvm,7.1
3ma3,7.22
4qbm,4.58
2g01,5.91
4nau,9.06
2xn5,6.69
4qll,3.38
2f9k,7.07
1w10,7.55
4inb,6.05
4uiv,7.8
4r4o,5.82
4f1s,8.7
2iku,7.1
2nw4,8.68
4bae,8.52
2qve,2.32
3p8o,8.72
3b50,7.55
1u9l,5.02
4c16,4.96
2tmn,5.89
4g4p,6.89
4c1t,7.15
1yci,4.08
1wcq,6.26
2xx4,7.1
2o64,6.47
4fsl,7.7
1gww,3.59
3gf2,1.7
2gni,5.64
4prn,5.66
2baj,8.4
2gg0,5.77
3pup,8.22
1bv7,10.3
2j7e,7.32
4o7a,4.72
4na4,6.92
2x9e,6.74
3iw8,4.87
3bki,5.12
5cyi,5.88
3cid,8.3
1y8p,6.08
3m9f,11.15
1y2d,5.7
1q3d,7.82
3pd3,4.44
3q3t,7.43
1rlq,5.1
3hvi,8.3
5a5o,3.0
9abp,8.0
4qz3,5.51
3hb4,9.05
3ljj,6.52
1meu,6.1
1g27,8.15
1xoz,8.92
2psj,7.7
3qtu,7.15
1mau,11.3
4muv,5.76
1jet,7.25
3pkb,6.21
1joj,4.22
4nh8,8.52
3twd,7.74
3nef,5.94
2r7b,7.22
4w9d,4.99
3tdj,5.25
1ik4,7.41
2mov,7.4
4ps5,6.54
4bjc,7.85
2h9p,3.72
8cpa,9.15
1kll,5.2
3i60,8.7
2nmz,8.37
3pjt,4.88
4zdu,5.77
4jfd,4.44
456c,9.77
1z4u,7.15
3qtq,5.51
4f7n,7.1
2aac,2.22
4c1d,5.36
3vha,7.4
5a4c,8.24
4v27,6.66
2g8r,3.99
1i9q,8.41
4tu4,3.76
1a52,9.86
1siv,8.08
1ocn,6.39
3zo2,7.1
1d3d,9.09
4dro,5.41
3dyo,2.3
1xgi,4.85
1ljt,5.15
3qxp,7.7
2p3d,6.74
1sld,6.57
1ws5,3.03
4kon,6.48
4phw,10.0
3q1x,5.33
3qvu,3.55
3rk5,5.4
3qrk,7.24
3qlm,6.37
1rnt,5.19
2y2k,5.16
1c87,4.2
3ry8,3.34
5c8k,7.7
3ery,5.66
1jij,8.52
2wa3,3.0
1zhl,5.0
4pl4,5.27
4yc0,4.13
1cbx,6.35
4qz0,5.46
3uug,4.51
4mlt,2.85
3sax,6.57
1xog,6.39
1kdv,6.22
4pyy,7.23
5cf8,8.96
2f6z,5.32
2e91,6.59
4pin,5.4
3ppp,5.22
3t1l,3.26
3q4l,7.26
4ll3,11.57
4yo6,5.66
4u0u,5.82
1mu8,9.0
4omd,9.01
3h1x,5.89
1cea,4.96
3fql,7.15
3tvc,7.74
3vry,8.11
3zly,3.52
1nhg,7.3
4b3u,5.33
2xht,5.96
4mhy,6.47
5em8,5.96
3qs5,4.71
2izx,9.4
2wtx,2.89
4o0t,5.54
4djw,6.28
1tc1,2.7
6upj,6.32
3pa8,5.75
1zyr,5.74
4unr,8.7
3zos,8.89
4d2s,7.7
1swg,7.36
3rsb,6.4
3qd0,8.5
2l98,3.61
1pu7,3.1
4x5q,9.0
2qmg,9.15
3aid,6.86
1ax1,3.29
4n7h,5.48
2p09,6.35
2y76,6.36
3rbm,6.57
5c4o,8.21
2wou,7.14
4hf4,8.62
4qtl,6.92
1tfq,7.92
1xp9,8.89
3opp,6.28
5c84,6.19
4pp5,7.74
1nxy,7.19
3c8e,4.15
4nmr,3.53
3m1s,9.0
3ffp,7.14
3fty,3.21
3cz1,7.26
4flh,9.0
2rgp,7.52
3hp5,7.15
4jn2,11.68
4ir5,6.21
4h1m,7.11
3srv,7.5
3dng,8.13
4ivt,6.0
4lp9,6.21
2lbv,7.59
1os5,6.85
4gr3,7.81
3dei,7.4
3vbx,4.77
3l54,8.15
4efu,6.6
4kb9,11.0
2nm1,7.47
1lhv,8.91
3i7e,10.85
3u0d,10.0
1t4s,2.44
4jk6,7.19
2mkr,6.27
4wyz,4.3
4gk4,7.85
1db1,9.26
2f71,5.6
2pou,7.42
2b1z,7.1
3unk,4.82
1oiy,7.19
2k7l,6.15
4b0j,2.15
3dln,6.6
3frg,8.4
2aq9,7.3
2f9b,6.52
2xu5,6.89
4xh2,8.22
3mhc,7.96
2mps,5.41
4uzh,5.01
3lhj,9.51
4hdb,8.05
1vkj,4.85
3zdh,7.35
2pe0,7.1
2v96,4.54
1mqg,6.28
4hp0,6.12
2y54,4.7
5al3,4.96
4wku,5.68
2k2r,2.89
4o0y,7.22
3hmo,7.52
3f80,4.22
4x5p,8.21
2v13,7.59
1uj6,3.05
4cmt,9.7
2i0a,11.4
2phb,9.49
3vb4,4.31
1css,6.1
1m7i,5.4
1h6h,5.3
2r3n,7.15
2gvj,9.52
2oah,7.96
3ni5,7.55
1xqc,7.2
4tw9,7.7
4j45,5.77
1gsz,7.21
3qxh,5.24
3m3z,5.73
4iqt,6.11
4kbk,8.18
5ddd,6.59
3qbh,6.82
3u8l,8.05
2ihj,4.59
4g0c,7.92
3ifo,7.26
3sfh,7.05
2fhy,5.96
2fx9,7.77
1nhv,5.66
4prg,7.15
2bmk,5.62
3f7i,7.34
3hs8,5.3
4m7b,6.7
1k1l,6.9
4lnf,2.62
2nn7,6.52
4oyg,5.18
1gwv,2.57
4zg9,7.59
3k5k,7.64
2op9,5.66
3f3v,7.14
2yig,7.1
3arf,7.19
4ly1,7.26
4nw5,7.7
4j74,4.59
5al2,6.44
1d4w,6.92
2y8q,5.82
4lbp,4.94
4d2d,3.47
3pkn,4.66
1amw,4.54
4jvb,7.41
2b8v,7.01
4f4p,9.22
1o1s,7.31
2q95,5.8
2i0h,8.05
5d10,7.14
4kot,5.46
3my5,4.19
4ce1,4.38
4d9p,3.84
1m21,6.52
2qhc,8.96
4dds,5.01
1nvs,7.82
4kin,8.32
4i0t,7.59
1qti,6.44
1n95,8.92
3g19,6.67
3fas,6.77
4kp4,5.17
3eyd,9.7
2fvc,7.49
1xka,6.88
3nam,8.46
4msk,7.2
4wmy,7.07
2ypo,4.68
3oc0,6.28
2yjq,5.28
3eyl,6.6
4aom,7.07
4pp9,7.37
3lrh,7.35
2f3k,7.89
5d7c,6.85
3pn1,6.96
3djf,6.1
4o0z,7.24
1g4j,8.7
1p2a,7.92
1u33,4.6
3k5x,6.41
3dcc,8.96
2jj3,9.55
5dit,6.15
2f8i,7.26
4n4t,7.31
3ohh,7.74
1m7y,10.96
1sqb,7.95
3unn,4.4
1qhr,6.89
2x3t,6.05
3uza,8.94
2c3k,7.59
4jhz,6.02
2y36,6.42
4tyb,1.7
3vhu,7.31
4uct,3.12
4c4e,7.6
4dr9,8.0
4crd,7.1
4xqa,4.99
4nj9,6.97
2r64,7.52
3emg,8.05
4u0w,3.0
4xj0,9.52
3nim,4.75
4kii,6.23
3ldp,5.62
4gv1,8.52
4nru,6.94
3tz0,5.04
3h8b,6.29
3tpx,9.35
4jpa,8.48
2q88,5.8
4bgy,2.96
5auy,5.8
3ex2,3.7
2hnx,7.08
1w4l,8.4
1mqj,5.32
3ies,9.92
4gk7,7.9
3hxi,6.33
2xvn,3.95
2w68,4.74
4lj3,9.0
3pj8,7.4
3kek,8.36
3ll8,6.4
2xct,4.51
3bim,5.88
3tb6,5.08
2o8h,7.6
4n4s,6.88
2y34,7.1
4ezj,8.42
3lp7,5.44
1pwy,4.05
4cik,6.43
1iiq,7.48
1hvi,10.92
2ohu,5.38
4mwc,5.87
1grp,3.72
2i6b,7.17
3arz,6.0
1r5v,4.48
1ghv,4.35
3lau,4.52
4k55,5.51
4np9,5.03
4bnt,3.86
4y5s,3.73
3sx9,8.89
4ci2,6.75
4ach,7.66
3w07,3.38
4ngn,7.55
4i73,6.72
5f2k,6.16
4rj7,7.66
1iht,8.46
1adl,5.36
4bt4,3.34
2vvv,8.22
4amy,10.82
4x3e,5.47
2qoh,7.7
1kti,3.43
4bie,6.6
4j6i,8.85
1b1h,7.03
3d5m,8.0
2wq4,2.57
1oar,7.4
1xbc,7.92
4fz6,6.9
3bxg,4.96
1pus,7.28
2csm,4.3
4ahs,2.19
2nnv,7.52
1lzq,8.39
1o4p,2.6
1y57,5.79
3t0w,7.3
2sfp,1.7
2qnz,5.42
4men,3.9
1n3w,6.96
1uxb,2.15
1cwc,7.8
2gtk,6.6
3vfj,7.04
2zz1,4.54
2ha3,3.03
1zoe,7.4
4foc,8.52
3nrz,5.34
3n45,3.3
3rxg,2.15
4kz7,2.49
3n23,8.52
4wwo,7.42
3b9s,5.3
1fhd,6.82
1xh4,7.47
3nuo,9.8
1l5s,3.26
2axi,6.85
1qq9,2.06
1tys,5.49
4oyb,5.8
2v2v,4.07
2ydj,8.3
1h28,6.52
1ofz,4.62
4xct,8.17
1jd6,7.39
4jr5,8.15
4qk4,6.6
3cbs,7.24
1o4i,2.64
4nah,6.31
3kyg,7.46
2vo4,4.94
3hg1,4.74
2pwr,6.59
1qtn,7.3
4rro,7.59
1c5f,6.07
1a46,5.7
4wt6,7.92
3iuc,5.66
1bmm,7.1
1ftm,7.61
3hdk,4.76
1awi,4.05
1ajq,4.31
4ga3,7.52
4qz1,5.44
2q2n,6.48
1tr7,6.82
4nym,3.55
3fx6,6.8
2p3b,8.48
3bwf,9.7
5aib,3.8
2vth,3.92
3k16,5.8
2amt,4.44
3l9l,6.78
1i1e,5.03
1x78,7.85
4bqh,5.59
1y2b,4.09
3t2c,4.6
2i0j,8.57
3zps,8.3
2y4m,6.46
2h2d,5.37
2wzf,7.0
1g30,6.85
1hfs,8.7
4h85,5.15
1o4h,2.44
2a58,4.92
1vj6,5.1
4rpv,8.52
3o4k,7.62
4hnf,6.15
1imx,3.52
1slg,3.9
3uw4,7.77
4wz4,6.44
4ozn,5.4
4qp9,7.15
2irz,7.92
4q4p,6.39
3bxs,5.1
1s19,9.51
4bah,8.7
1zzz,5.14
2g6q,5.82
1qpe,7.7
2nwn,6.3
4rh5,6.9
1b7h,8.02
1epo,7.96
5bvw,8.82
4yrd,4.57
2x4u,4.32
3e0p,7.92
3f48,6.29
1y2j,7.48
4cs9,2.1
3suw,4.7
2gg5,6.6
4acm,6.68
3s2a,8.09
2jdm,5.4
2bj4,4.47
4lxd,7.23
4agl,3.65
3kej,7.12
1m0n,2.22
3b26,6.64
1b9s,3.18
2cer,9.22
3dy6,6.9
2ynr,5.77
4l33,8.15
3r42,4.08
1rdj,1.66
2ojj,8.7
3ed0,6.35
1c6y,9.51
3iqu,4.77
3l9h,8.1
3qi2,7.35
2hny,5.93
4acd,8.31
3mn8,6.17
4luz,4.7
3el7,6.32
4oyp,3.0
1gj7,7.89
3pqz,4.46
3h91,3.73
4mvn,5.46
2avo,8.85
1oxr,5.19
2eh8,7.96
2pwc,6.57
4uyg,7.6
2hxq,6.84
3mrx,3.39
3c14,3.52
3w54,9.7
1bqo,7.74
4rce,8.7
4mi6,4.31
1fo0,5.59
4pnm,5.85
2bqw,8.52
1kyv,5.92
4byj,6.57
1ndw,5.23
4v05,9.7
3mhl,7.25
4dk5,8.4
3s3n,7.06
1inf,5.0
4fyo,7.33
4aoc,4.27
4jg8,8.6
1b6p,8.52
3ay0,3.04
4m8t,6.43
4b13,5.7
1lvu,5.32
4u7v,5.49
4yw2,2.8
1h3c,6.51
1xk5,6.0
2vnn,8.7
1d5r,1.82
4ajo,7.03
3o6l,7.51
1rs4,7.17
1zp5,2.92
1qxl,7.96
4a4q,9.4
3nb5,7.74
1km3,4.91
5abh,8.77
3erk,4.74
2wsx,2.41
2lsr,5.24
4pzh,8.0
4jv7,6.0
5e0l,6.4
4urv,2.77
5er1,6.02
2yde,3.72
3i02,7.52
3bhx,9.15
3kyr,6.72
3k98,9.0
1efi,1.92
2viq,5.89
5cfb,7.28
1agw,4.7
4tju,5.44
1x7a,7.89
3hio,6.52
2ao6,9.28
4phu,7.92
3vid,6.21
1jyi,4.0
3ttz,8.4
1ggn,5.51
1flr,10.0
1p19,4.11
4ncn,5.67
4fz3,3.73
4f8j,5.07
5caq,8.57
1inq,6.27
1jsv,5.7
3sio,8.0
3b92,8.0
2z3h,4.64
3tf7,3.52
3t4p,5.19
3m3x,6.82
1mf4,7.99
4b12,4.99
4ql1,7.03
4w9j,6.23
4flj,5.13
3p9l,5.3
2afw,4.77
4fmq,5.05
4unp,3.23
1u3r,8.3
4zph,7.51
1dxp,7.57
2bpy,7.4
5ap3,7.03
2azm,5.66
1njf,5.99
2xup,12.39
3mct,4.07
3mvj,5.49
2pj3,8.18
5cas,8.85
4fmo,5.53
4jsa,4.96
3avn,3.3
4uiz,4.7
2nsx,7.2
2fqo,6.43
2r3p,6.05
1gu3,4.32
4jyc,6.7
4qf7,8.6
4wx7,7.4
3anr,6.46
3mrv,3.74
3e2m,9.4
2xel,3.9
1m13,7.57
4ccd,4.49
3o9d,10.72
4pid,4.62
2qhm,6.18
2g5t,9.09
2obo,7.24
3wym,9.52
5fjw,5.4
4e4a,2.05
2oz7,7.85
3l3z,4.87
5bms,6.34
2aj8,6.2
4uxq,7.8
2nxm,5.19
3pwm,9.1
5cgj,5.22
1fl6,7.43
3ldq,5.36
1py5,7.29
4q4q,5.79
4zh4,4.22
1yds,5.92
4ago,4.81
4qrh,5.15
2ga2,5.52
4cbt,7.3
4alg,6.3
1w7h,3.0
4hwt,4.3
4q08,6.3
1btn,4.4
2esm,6.28
2jkp,4.23
2c6k,6.14
4hzz,8.08
1zge,7.3
2q8m,4.03
1i8j,4.41
1uy7,3.7
1x8s,5.1
3bft,6.49
2bkz,8.15
4k4j,6.12
4kcx,4.43
3k3e,7.66
2bow,4.0
1ez9,5.1
1o30,6.77
1f9g,1.28
4r17,7.68
1q65,5.46
4jr0,8.2
4hn2,6.89
1zsf,9.92
4mrg,2.96
1uwb,8.34
3eu5,7.49
4kmu,7.92
1ke2,7.35
3qup,6.32
3ap7,3.0
2a31,1.01
3pju,4.88
4nus,8.3
5aom,2.9
3src,3.89
4o10,7.11
2kvm,3.96
1i32,5.7
4b5b,6.41
4msn,4.03
4nld,7.7
1jq9,8.45
1o3b,7.13
3suf,7.56
2va6,6.17
5buj,8.3
2jnw,6.11
4h36,4.27
5abf,4.85
4u6y,7.08
4dhr,4.57
4x1r,6.4
3udq,6.0
3q77,8.22
4knn,7.78
2wey,7.12
3lf0,5.71
4rkx,5.1
3q5u,4.31
4j7i,5.06
3kwb,7.77
2vwn,8.0
4bbg,8.32
4yt7,8.77
2vgp,6.85
5fiv,7.66
2glm,5.37
1erq,7.89
2wxg,9.15
4o3b,6.09
1my8,7.46
2v8w,6.82
3iof,5.22
3h5s,8.3
4ht6,6.21
2ykj,6.21
2g97,6.82
4gw1,6.37
4i71,7.74
1gwm,4.1
1bwa,8.6
1ke5,6.25
1ceb,6.0
4pml,4.52
1j37,8.96
5ap4,6.46
4l02,7.7
4ft2,5.64
1o35,5.0
2f9v,7.82
1b9j,5.96
4fzc,8.4
2h44,5.77
2hs2,8.31
4jn4,5.86
4ux4,7.01
3e90,7.39
2xe4,7.16
2cvd,6.1
5c7e,5.0
2ccb,7.45
4ezw,6.0
1xff,4.82
4oma,4.17
1k6p,7.36
2wed,6.1
1jcx,5.15
2cgx,4.81
3uph,7.82
1y3p,4.82
3ws8,6.68
1pmu,6.23
4im0,7.72
1dwd,8.18
2ooh,5.89
2fkf,2.92
2zv9,8.05
3ptg,7.6
1bug,4.37
4att,6.98
5auv,4.51
3th8,6.25
3fr5,6.35
2i0e,8.7
5aln,6.57
1vyq,5.3
1qy2,5.74
4d8a,3.42
4fe9,3.0
2i4z,5.7
1ihy,3.74
2fes,9.01
2qh6,6.0
4jbs,7.96
2lh8,4.18
1y6q,11.7
3hwn,8.7
3s7m,8.0
3le9,8.22
4iuo,3.64
1rpa,6.0
4o43,4.3
3eml,8.74
2ovz,7.89
3q6z,3.72
4hvi,7.16
3fdm,8.7
3vfq,5.19
1y2h,7.25
4wcu,8.52
4j84,4.69
2pbw,8.25
2qta,5.76
3sdk,6.8
1xh5,5.47
3mg4,9.3
3n1v,3.3
4bdi,3.64
1z4n,4.52
3hvc,6.22
3cpc,5.3
4u0c,4.31
3vw1,4.67
4eoy,6.49
1jmg,6.07
1s9v,4.0
3bva,6.52
4avw,7.62
3q7q,5.65
3a2o,9.08
1u3q,8.46
4ofl,7.66
3tk2,4.62
3wv2,7.92
3fuk,3.02
2cgf,6.41
2f14,9.19
1h1h,5.22
1jtq,8.07
2xdx,6.46
1anf,5.46
1pro,11.3
4uuq,7.54
2bdy,7.77
3oxz,8.07
3brn,8.7
5aaf,7.44
4mzs,7.92
3hjo,6.52
3tkz,5.92
3djk,10.59
4wmc,8.05
2ltx,5.39
4lkf,5.37
2jbp,8.07
4nnr,7.26
2yk9,5.09
3dnj,6.82
3cx9,4.89
4mc1,7.85
2j4z,7.19
3n49,5.15
3t9t,8.71
4wet,3.35
2wtd,6.68
2ath,6.82
4a95,5.76
1zgb,8.06
1tpz,6.19
1dis,11.0
1lqf,8.3
3vyd,6.39
4rrf,3.62
4u45,8.0
4qir,6.95
4lng,5.62
4pum,6.73
3n0h,6.21
1nhx,5.68
4nvq,8.48
1eld,6.7
3h9f,7.92
3v7t,7.21
4rhu,6.16
4mvx,7.24
4l3o,6.0
1rrw,4.55
4qlv,7.85
2hrm,3.56
3hzk,6.7
1gi1,5.47
5ar8,8.1
2k62,4.7
4ux6,5.92
5c7d,5.11
1lkl,5.81
2o0u,5.49
4j44,5.73
2ff2,8.21
1sj0,9.1
3n51,7.82
2rm0,4.03
3kqw,4.01
3eq7,9.09
1oau,7.7
2qg2,5.4
5eds,5.54
2viw,7.14
1n4k,10.05
4j0a,6.8
5c42,8.72
1shc,7.28
2clh,4.06
3ps1,10.17
4d85,6.85
4d2w,4.51
4mqp,4.98
2vpg,5.68
3k22,7.9
1osg,7.52
3hy9,7.77
4bcd,7.48
4a16,9.37
2bza,2.8
4bnu,7.7
2ha2,4.66
3r0h,5.92
2c4v,2.6
1bsk,4.12
3mo0,6.81
2ra6,4.52
3srg,5.7
4eg7,7.34
4o7b,4.7
4kc1,2.91
3c39,3.96
1vjb,7.89
2k4i,3.84
2avv,9.26
3vd4,4.82
5dj5,5.6
2gvv,3.9
5am6,6.73
1fiv,6.59
4qy8,7.19
4b6q,7.55
3fxw,5.96
2w2u,4.46
3oad,9.62
4dko,6.52
3dhk,7.33
3thd,4.05
1y98,5.43
4bw1,5.9
4p10,8.1
3fh7,7.6
1veb,7.41
3nw6,8.15
3dbd,7.38
1q91,4.15
1eou,7.44
2nnd,6.06
4m0f,8.77
1mfd,5.31
4tz8,3.3
3d52,3.28
1jiz,8.7
1v11,3.98
4mr3,5.94
4s2i,9.0
1rdl,2.24
1vyj,7.0
2i5f,5.12
1f5l,5.28
4kw6,3.43
3rpy,5.32
1tlp,7.55
4mdt,5.0
4twd,5.08
4f9v,6.03
3o57,10.1
4unn,6.38
4qfl,5.11
4iqu,6.24
4hpy,9.92
1pwq,4.96
1sh9,6.03
3k7f,7.7
2gvf,7.6
4xx9,5.08
2r9b,6.57
2wmv,5.04
1w3k,4.3
1if7,10.52
4hlg,6.51
4y8x,8.43
3owb,7.72
4abk,5.72
3znc,7.34
1h24,6.3
3gk1,4.1
4uiw,7.3
4yur,9.8
1d4l,8.77
3d45,5.68
3kba,7.8
4fny,7.8
2pri,2.91
2br6,2.96
1ej4,7.3
1vwf,6.51
2xne,6.72
3h0w,6.22
3avl,4.18
1o9d,5.6
1y91,7.23
1cr6,8.51
1qwu,3.22
4ps1,6.66
2clk,3.79
2yoh,4.96
1c29,6.33
4hod,6.1
3wns,5.96
3ds6,9.1
1o2r,5.21
4f5y,5.43
3va4,4.4
4qp6,3.46
3p7i,7.7
4a4f,2.88
3tne,5.72
4li5,6.26
4fod,8.92
1x7e,5.97
3ral,7.0
4aze,8.11
3tv6,8.32
4wbo,4.2
4zum,6.57
4f64,7.2
1jj9,5.77
1npw,8.7
1fd7,1.85
4jt8,7.48
3zlk,5.88
4qga,7.92
1h5u,6.75
2r4b,7.18
4r5t,6.1
5fl4,7.0
5d7e,3.82
3cbp,5.6
3s2p,7.17
2q8h,3.0
1c4y,7.92
1x70,7.74
2fwp,2.92
4jff,9.22
2i4j,6.16
2y1w,6.33
2pyn,7.57
4pis,7.22
2x6d,7.92
3gqo,5.41
2a5s,6.7
2vin,3.0
1h39,6.54
1kv1,5.94
3sv2,4.19
1e4h,8.41
4lw1,3.15
3rbu,9.43
1v2q,4.13
4dpu,7.3
4cff,6.4
2xk7,5.82
5akw,6.39
3nu3,9.82
2vcw,3.05
2pvm,6.44
3ijg,4.27
3s68,8.66
1i48,5.7
2g63,8.17
5avi,6.06
1n8u,6.03
4btu,9.3
1ros,8.77
3b28,8.47
1tu6,9.08
4a0j,6.0
3gy7,4.52
2qtt,4.32
4e4l,8.77
3mo5,6.87
3cct,7.56
4inu,9.26
3f6h,4.72
2v77,5.06
1bt6,5.7
2ha0,4.43
2oag,8.47
4k76,5.35
1c83,4.85
4x0f,7.0
2wkz,8.77
223l,3.4
4yog,5.74
4z83,7.4
4qbb,7.52
4oz1,5.62
2g0g,6.29
3m40,6.77
3t6y,5.52
4qfr,8.13
3tsd,3.66
3ny3,4.71
3vbq,9.33
1wok,7.48
1w83,7.19
3udm,4.48
1mqh,6.52
3ocp,7.57
4x50,7.75
4awm,5.72
2qln,5.43
4ks3,6.37
1t1r,5.4
3l6x,4.4
3fvk,8.82
2nsl,4.68
7cpa,13.96
3hfz,4.89
4zlz,7.0
2va7,6.7
1azl,8.62
4twc,7.4
4bi7,4.58
3fi2,7.6
3ixg,7.57
2ko7,5.19
1dx6,6.19
4qh8,4.89
2pl0,7.21
4gvd,4.57
4y2t,3.82
4x48,6.77
4k5l,4.96
4i10,6.77
4j7e,4.85
1oss,4.79
3kad,5.12
4dwb,5.74
1m6p,5.1
4p5d,5.82
3hng,6.74
1nq0,10.32
3bfu,6.27
2zb0,6.62
3r8u,5.3
2kce,6.17
4etz,6.3
1jh1,4.39
1nhz,6.08
4tjw,6.02
3rsv,9.15
1g5s,7.32
4yps,7.12
3ekx,9.41
3su0,6.79
3qkl,8.05
1tze,6.83
1df8,9.7
3igp,7.02
2fxr,7.6
2kzu,4.22
1wuq,8.27
4x8u,2.46
1jje,8.43
4hl5,6.35
2ay9,2.16
1p2g,2.13
4fgz,2.87
4mw2,6.7
3uzj,5.55
4fxz,7.03
4zx1,6.14
2g6p,6.22
3d4y,5.7
2hwo,6.9
3s1y,6.22
3c7p,10.0
1x39,9.22
1gfw,7.82
4o0x,7.17
2w3l,7.52
3shb,6.03
3fvh,6.35
4mcd,5.33
3tn8,6.13
3uqr,7.24
4jaz,5.04
4joj,3.96
4jne,5.86
1tft,8.3
2c93,4.92
4pox,5.43
2w0z,4.03
1mmp,6.07
4bdk,5.44
1swp,11.0
4bo3,6.52
2vc9,8.44
2bvd,6.0
3arn,5.41
4jrg,6.71
3bl1,5.6
2xk1,5.74
2qd7,9.1
3g15,7.0
3tpp,7.82
2qbw,7.25
4l8m,9.0
4cby,7.7
1bcj,3.7
5ak5,7.07
4no9,7.82
4xas,6.59
4rj6,7.12
3p7c,7.66
3rin,8.89
3e7a,10.0
1q4w,6.46
4mdq,5.92
2yac,8.7
3hrf,4.99
2c02,4.04
4cmo,9.07
3kwf,8.17
4f6s,5.49
1v2u,3.37
4dv8,9.24
4nku,4.67
1fq5,8.4
2lzg,7.77
3iop,7.77
4emf,7.08
1f4g,6.48
1jak,5.57
4n9d,7.72
3krw,7.38
1vik,9.52
3wch,7.05
3gsg,2.7
4l4m,8.0
3sni,7.96
2c0o,5.91
3n7s,7.7
4elg,8.16
4ycw,5.68
3pn3,6.4
3aza,5.13
1nlt,4.92
4hxl,5.66
5axp,9.03
4yv1,3.08
4olh,8.3
1bnt,9.8
1n7t,6.82
4mbj,7.21
2uyq,5.68
2vto,6.85
4glx,7.8
1hk1,5.64
1q3w,8.4
1xo2,6.07
4j4n,6.88
1y0l,9.0
1wdr,2.52
4hbv,4.64
3drs,9.3
3o1d,5.74
4wko,9.47
4txs,3.0
4fcf,8.62
2i0g,9.72
2hf8,5.47
3l5r,7.42
5bv3,7.17
4hcu,8.0
5ceq,7.38
1kjr,6.06
4w55,4.74
3nnv,7.57
3uxl,5.57
3o0g,6.22
4lh6,4.11
1o4k,2.92
2ew5,5.9
1zaf,7.7
3llm,4.74
3c10,6.52
1ce5,4.74
1rin,3.15
4bo0,6.7
3gep,3.75
4obz,5.72
1azg,4.8
3r22,7.77
4wyo,6.95
3kjf,4.87
2pqz,5.67
1lfo,6.7
4ocq,4.61
2aox,7.42
3d1f,5.74
4bc5,4.6
2rcx,9.0
1hi4,4.49
1pwp,6.3
3zv7,5.92
3avz,7.19
4cu1,4.71
1oky,8.19
2hmh,7.15
3sff,6.7
2w73,6.52
1z6q,6.7
2x6w,7.1
1oay,5.92
2a4g,7.18
1lgt,6.1
4lgu,8.68
3mks,5.72
3l4t,5.42
4j2c,5.25
3d7z,7.92
1lb6,4.08
4hrd,8.82
2fjn,7.41
3cm2,6.47
4g55,4.92
2zjv,5.14
3v7c,5.74
2xd6,6.19
2w7x,7.62
3d8y,3.4
1y2k,7.68
3uok,9.1
3g6g,8.55
1apv,9.0
2qfu,4.18
1v2t,4.71
1sdv,8.74
2aez,2.46
4bs4,8.22
3c1k,9.44
1d6v,6.17
4css,8.46
1qft,8.77
4h5c,7.55
4k75,4.25
4kxn,6.1
4mcb,5.82
4lmu,7.26
4zyi,8.1
4oeg,5.05
1b3h,6.21
3lvw,2.67
3jpx,3.63
3afk,3.6
3lj3,9.03
2qry,8.64
4ci1,6.6
1lhe,9.54
1pmx,5.14
1g7f,5.47
4rg0,7.3
4e9u,5.82
4xiq,7.07
3umx,6.62
1sl3,11.85
1jmq,4.4
3nsn,7.19
3g0c,5.7
4n7e,6.48
2etk,6.82
1o4r,2.41
1xot,5.42
1wu1,7.74
4k2g,7.7
4ge4,8.11
1lyx,4.54
4m3p,5.4
4nyt,2.39
4qf8,7.51
1ni1,9.05
3l3n,8.18
3o8h,6.24
4zme,4.3
2j9h,3.39
4y6s,5.03
2j87,4.85
4ikn,4.85
4eh3,3.53
1f73,2.39
3ob2,4.59
2kbr,4.6
3tpr,7.7
3e81,1.43
3caj,8.1
3t1m,3.04
1m48,5.09
4wy3,3.62
4lch,10.62
3rz7,8.96
2vie,7.48
3pb8,5.24
3l8s,7.0
1nj5,7.3
5yas,3.26
2rk7,4.05
1lyb,11.42
2iw8,6.99
3kfc,8.55
2hb3,11.35
1tvo,6.85
3lxe,6.6
2xkc,5.59
2fys,4.36
5bwb,5.3
4muw,8.01
3chf,5.37
3kme,6.14
4ezz,5.19
4brx,6.49
3i25,8.51
3n1c,5.22
3ebl,6.3
3eqy,8.05
2c6o,8.22
1q6k,7.59
3zo4,6.83
3mg0,9.25
4mw5,7.35
2ay2,1.88
3cr5,4.19
3q6w,7.57
4b74,7.66
3f70,4.85
3s7b,6.3
2w0x,3.2
5e2r,7.06
2ad5,3.96
3cf1,6.64
2brn,5.26
3vws,3.65
3h78,4.24
2xn3,5.92
4z0k,6.34
4b1d,7.49
1m2r,6.46
2vx0,6.24
3fck,4.0
3ekn,8.4
3m6f,8.6
3p58,7.6
3n7h,4.5
1s89,5.24
4jft,5.46
3q43,7.37
4xt9,6.8
4nzm,6.85
4bqg,6.22
4fll,5.29
3o9f,12.7
3ewh,7.16
4cfx,5.06
3nht,7.01
2zas,7.86
1xpc,8.77
1utn,3.49
3myq,7.52
1bzh,6.77
4lkd,5.35
4j0p,7.29
2oc1,5.37
3blt,3.54
3zn0,4.97
2lko,5.67
2lha,5.19
3hbo,5.09
3dne,5.22
3lq8,9.4
1pyg,5.52
1cp6,5.0
3i0s,9.0
4mji,4.09
3q8d,7.22
4rpn,6.96
3p4q,6.52
3g5y,7.46
3gv6,3.3
3dvp,5.0
4aft,6.47
4fqo,5.16
3f5l,3.72
2ohs,4.4
3sov,4.21
4ual,8.4
1kkq,6.62
2qt9,8.64
3sn8,5.65
3vp1,5.48
3k8c,2.92
2wu6,7.53
3ogq,7.52
3oy1,7.8
2nnk,8.37
3kwn,6.82
1o2x,5.85
3ril,3.84
1nu3,4.0
4dvf,6.89
4i80,7.62
2bkt,7.64
1nj1,7.6
4arb,5.89
2wb5,9.13
2o4s,10.51
1ogz,5.85
4y85,7.89
3pma,5.4
3nf7,3.47
4fvq,6.0
2w6o,4.22
1iig,1.57
3wf9,6.25
1jqe,6.44
4ikt,6.17
3e8n,7.72
1kuk,3.91
3oqk,6.38
2lty,5.38
4ob2,6.3
4qw3,6.61
3vnt,8.66
4yv9,6.4
4wrq,5.34
1czk,8.82
2jds,8.2
3rqe,4.77
3ppo,5.3
3zsy,3.23
1br8,4.74
2ksp,4.24
1qin,8.0
1uu8,5.05
4rsc,6.63
1d2s,9.74
3wd9,8.08
3upk,4.3
2bpx,9.4
2x6x,3.68
3gy2,5.74
1flm,9.37
3tsz,4.46
2b1v,5.74
4ea3,9.57
1lhc,10.4
2yhw,5.6
3egt,8.9
4i7j,3.32
2ce9,6.03
3vye,8.11
3ozp,6.62
4o97,8.52
3t07,7.8
3rbq,6.27
3ibu,9.15
3puj,4.51
5cqu,6.54
4yll,6.92
2z4r,7.62
2yxj,9.3
2uup,3.98
4m3q,7.77
4yw6,7.08
3d0b,6.54
4ara,6.05
4e1k,6.3
1onh,8.21
3n87,4.96
2exg,4.3
3h06,3.53
4fob,8.3
3lkz,6.15
4elb,8.3
2q94,6.43
4zup,6.77
5a82,5.6
2vwc,6.62
4x5z,7.63
2pnx,5.1
1b0f,7.7
3cyu,7.22
2pj0,8.09
3gen,9.14
1zhk,4.45
4j82,4.35
3imy,9.7
8hvp,9.0
1utl,2.47
4rab,7.4
4hup,4.82
3ekp,8.89
3tki,10.3
4zud,8.16
1lrh,6.82
2ycs,8.87
1i41,4.57
1kwq,9.21
4hlf,6.06
4gh6,7.68
4gvm,6.11
2a4w,8.29
2xh5,7.57
4zz2,8.04
4q4e,6.72
1yhm,3.83
1stp,13.4
1sts,5.0
4wsk,6.43
3u78,5.6
4prd,4.6
3pa3,9.0
4fil,7.47
3ua8,7.85
4pp3,7.82
4xsz,5.6
3sap,7.59
2pmk,5.92
3zw3,7.47
2rd6,8.3
3h0v,4.82
4lww,7.54
4pee,8.32
4eh4,2.81
1gah,12.0
2qbx,5.22
3nal,8.1
4ba3,5.54
3fcl,3.5
4j1e,7.72
3q4k,7.05
3pz2,6.14
3krr,9.32
4tpm,8.62
4xbb,5.0
1wkm,0.82
3ivc,4.12
1gt5,6.1
8gpb,3.6
4pkw,4.65
2i0d,12.1
3nsq,5.21
2vk2,6.89
4kax,4.77
1tsv,4.8
3bgm,7.41
3hy5,7.7
4bcp,6.25
4hzm,4.63
4wmx,4.85
4y6r,5.48
4o3u,6.4
2j7b,6.62
2xbj,8.52
4tx6,5.59
3ijh,4.0
3rv9,4.92
2qlb,5.89
1e37,3.7
4wop,4.76
3zkf,6.02
4lj8,5.82
4l0b,7.17
4tzq,6.52
2qrp,6.2
1sm3,4.62
1h62,4.77
4iie,2.34
4iwd,9.0
4qvn,5.1
3iaf,2.92
1iup,2.54
4qij,5.54
3lcv,4.74
3hab,8.38
2ggu,3.03
2xtk,3.79
3vd7,4.48
3tfu,3.28
3zj8,3.9
1rxp,7.14
4dcd,5.75
1dzm,5.41
4qc1,4.99
2d1o,7.7
1p6d,2.94
3r2y,8.07
4de5,3.15
2l0i,4.82
2a4r,7.82
3t2w,7.46
3kqy,4.82
1wn6,4.68
3h89,7.64
4trz,5.03
4h4e,6.68
3o64,9.4
4rme,5.92
2a4z,6.6
1a9u,7.32
2r3l,7.0
3ok9,11.23
2o3p,5.96
4a7j,7.0
3wcb,7.74
3pd2,5.47
4ebw,5.06
5ajz,5.7
1j4q,6.44
3vqs,7.75
2j4i,9.0
5am1,8.52
3avb,4.07
2ff1,8.21
3rv3,2.0
2ohr,4.0
3chq,7.7
2h5j,7.91
4qp7,5.23
4k3m,3.55
3h5b,10.0
4pqn,9.15
1h46,3.57
1ie9,10.19
3s0o,4.48
3hec,4.47
4i12,6.39
3m3r,6.32
3neg,5.94
2w8g,6.0
1hs6,5.38
2xyt,6.29
1j14,4.49
3m35,7.22
1oiu,6.68
4tmf,5.48
3hl8,4.49
3l6h,5.4
4p4i,7.46
2a2x,7.69
3d9n,4.05
2j77,4.89
1d6n,4.5
4pl5,4.96
1qca,5.27
3ck8,3.84
2pjt,6.07
5ald,5.97
3anq,6.74
3pgu,6.7
2i47,8.66
3e8r,9.74
3su1,6.68
3jq9,6.4
4m12,6.05
1njd,5.57
4jbl,3.27
3tjm,5.2
2yem,7.81
2aa9,2.92
4ibc,2.98
5aok,2.7
4og7,6.94
3owj,6.07
3t3i,4.77
1hgi,2.68
2pvj,8.1
3nlb,7.46
3hkn,5.35
5dia,10.46
2xhm,6.8
3piy,6.54
2g00,9.74
3lq2,5.22
3wka,4.54
4mwy,7.05
4l2k,6.44
3wtl,7.04
3uvq,7.77
4u0b,4.3
2g1r,7.7
1jqy,4.92
2xru,7.51
3efw,8.4
2za5,8.43
2q15,7.96
4rn0,6.59
2vvu,8.1
3r2a,6.12
3fcb,5.31
3h30,4.53
5e4w,4.64
1v16,3.87
4i4f,6.19
4cd1,4.89
2xcn,6.92
16pk,5.22
3cf8,4.9
4jbp,7.39
1ag9,9.0
4q1a,9.3
2xyf,8.44
2ql9,9.03
2h6t,7.22
2fdd,8.32
2byr,8.55
2wap,6.64
4urw,2.8
2aoi,4.01
4b9k,6.17
1oyn,6.26
3wcf,7.28
3ax5,5.85
4w4s,5.02
4ghi,7.09
4nak,5.85
3nuy,3.46
3aig,6.0
1g3d,5.55
1t7d,6.03
3f3w,7.47
2za3,3.68
1dhi,7.26
3ove,6.57
1h26,5.54
3u2k,7.52
1o43,5.66
4olc,6.19
4x7o,8.7
1urw,8.52
2ay8,2.24
2h4k,5.49
3qt6,5.37
4abd,4.4
4k60,3.24
1vea,7.52
2g5p,8.42
4hym,8.22
4k3n,7.96
4aph,5.4
2gv7,7.85
1ql9,5.35
1x7b,8.39
4uu8,6.54
1jld,6.73
4ase,11.0
3fzr,7.96
1vru,7.0
2j75,6.65
4jls,5.66
3cfv,6.05
2yhy,5.6
1rq2,2.52
3hdz,7.29
3ekq,6.75
2aow,7.42
1zsh,7.07
2kdh,2.96
4ps8,9.0
4o7f,4.89
3g8i,7.42
1ypg,8.0
4oc6,7.07
2osc,7.77
3r2f,8.85
4r59,7.96
1xb7,6.22
3zim,8.17
2vmd,3.02
3ggv,10.85
4mjr,3.55
2xp3,3.0
4p73,7.66
3hll,8.24
4tz2,3.46
3le6,7.46
2whp,4.0
2fm0,9.4
1stc,8.1
4d8n,5.74
1r5g,7.52
3r9d,4.15
2doo,7.17
1zd5,4.87
4knb,7.33
4e3h,7.05
3p8e,5.15
2zft,6.52
4iur,5.58
4yab,5.07
3ovx,7.51
3bc5,8.3
1v2n,5.9
4yml,8.35
1wum,5.29
2zdx,3.19
1xhm,6.33
3hw1,3.06
4zyf,8.64
1kqb,4.0
1lek,8.89
1ets,8.22
4zow,4.12
1bgo,8.46
1zsb,0.6
4x8v,6.89
1uxa,2.3
2y8c,6.4
5ab0,7.59
2a8g,3.69
3jzi,5.3
3wzq,6.23
1xh8,5.77
2uxu,4.74
3txo,8.05
2zva,7.96
2xyu,5.35
4qw4,6.95
4arw,7.13
5ctc,6.35
4tkj,6.04
3nc4,4.58
2j4a,10.6
3k27,4.44
3kr1,5.74
1drk,6.82
1oh4,3.74
1mv0,4.03
2jbk,6.4
4aba,3.82
3mam,4.12
4mk5,6.35
2zbk,5.7
4aua,5.14
2rip,7.19
3vv8,4.77
4oty,7.4
4hld,9.3
3dga,4.52
1eix,11.06
2q2a,7.41
1g52,9.54
3ens,8.05
4euo,5.05
3q0z,7.7
1ke7,8.05
4r76,7.85
6apr,7.77
2xfi,7.82
4m1j,9.7
4lwc,6.72
4jx9,8.62
2web,5.12
1b4z,5.23
1mfg,4.3
1std,10.33
2fdp,7.59
4ny3,4.31
3fbr,4.82
2idk,5.54
3u6j,8.21
4rlk,5.02
2r2m,7.33
4bxu,7.0
3r02,9.0
4na8,8.82
4j93,4.7
2qrl,4.0
5ai6,4.4
2qhr,7.39
3lj7,8.34
4tpt,7.04
3ng4,5.43
4u0n,5.77
2f7p,6.6
4a4w,7.72
2fs8,7.6
4li0,6.59
5aic,4.3
4gtv,7.42
4j0y,6.36
3v3b,7.26
4r5g,5.22
1akv,11.59
4y79,7.96
3uih,3.92
2lk1,4.09
2b4m,3.53
4ewn,6.7
3opr,6.59
4zh3,4.4
1wbv,3.79
3olf,7.7
1zsr,9.82
4w57,4.85
4dai,6.96
2ohk,2.7
3l4v,6.72
3rzi,5.33
1g7v,6.4
3exf,6.54
3qi4,3.93
1pl0,8.22
2gh9,6.0
2chm,8.26
1gvu,9.0
5aku,6.82
4mgb,5.44
2jiw,4.59
2c4w,4.7
4yzu,5.05
4rsk,4.32
4do5,5.83
4np3,3.3
5a85,5.3
2ydf,7.66
1e02,6.15
2eum,6.7
3rse,7.0
3qc4,8.7
4pte,7.13
3cyz,7.22
3lpp,6.22
2cng,6.96
3vo3,8.85
3rlp,7.08
3gxt,4.74
1gz3,3.7
2p93,8.82
2xhs,6.0
2qoa,7.28
1erb,8.1
2a3x,6.92
4uau,5.89
3zxv,7.31
1zd2,3.3
3oof,7.3
4az2,7.33
4o4y,7.81
4qnu,6.4
4cfe,7.22
2zit,4.46
1ejn,5.62
3ggc,5.44
4z2k,5.78
4ovg,3.69
3vbv,5.0
4gw8,6.06
2gej,6.64
1yye,8.57
2qcn,5.0
1mrn,4.52
3qo2,6.85
2uzj,4.57
2zx5,12.33
2nta,4.8
4oc1,6.6
3lmp,6.21
5d11,7.55
4q8y,2.64
5a3h,4.57
1fsg,5.02
2r59,8.19
4ad2,6.2
2wr8,5.44
4gto,7.98
3amb,6.18
3uoj,7.29
1czc,2.82
4lh2,1.24
3g32,3.71
3t3h,5.71
4rse,6.4
4e67,6.48
3m1k,5.39
4anq,6.22
4elh,8.09
3kr2,5.14
2qi0,7.38
4ehv,2.29
3n7r,7.7
2r3h,4.7
3i7i,6.21
3p1d,2.64
1qxy,4.8
1ctt,4.52
2nn8,3.59
2pks,4.96
3sug,6.21
3aau,5.05
3el5,7.72
4lgg,8.52
2jkt,6.51
2c4g,5.94
3gcp,7.82
1obx,5.72
3dp4,7.37
3dxj,6.22
4ivs,7.36
1qr3,6.59
4qgg,9.0
4gye,6.85
1i9l,8.48
3hhu,7.39
3t5i,6.82
1xoe,7.39
2jc0,4.7
3p23,4.42
4n7j,5.47
3oay,1.7
3pce,2.0
2cnh,7.23
3bqc,5.73
1fpc,7.0
1pum,3.05
4e3j,8.92
2xuc,4.1
1o39,7.13
4kz0,5.38
3hqh,4.2
4mbi,8.15
4urz,2.52
3dgl,6.6
2ych,3.0
4lm2,3.03
185l,3.54
1urc,4.72
4jyb,6.96
4uye,8.02
2ylq,4.3
2i40,5.8
3ha6,5.68
2ph6,7.57
2i1r,5.01
2ot1,4.0
2w17,8.7
1mj7,8.35
4tjy,6.44
2odd,3.96
3b95,5.15
4loy,8.09
1qj1,8.05
4tpp,8.59
3qxd,6.15
2a3i,6.05
1ogx,6.09
1gz9,3.51
4ufk,3.89
2qyn,6.24
4wp7,6.1
5clm,7.36
3msj,3.11
3rkz,7.08
3l9m,7.3
5als,7.72
2wq5,3.74
1rpf,3.99
1o3h,7.3
5ek0,7.68
3o6t,5.22
4kow,4.31
4tzm,6.7
3be2,8.7
4r8y,6.19
4m1d,7.64
1fzo,7.89
4luo,3.24
3r6c,4.72
2zwz,7.79
4cpy,6.31
4wm9,6.92
4y59,5.24
1f7b,4.6
4nja,6.22
2y8l,5.82
2xc4,8.05
1o0n,4.09
2yiq,7.9
3i6z,7.3
4wkb,11.57
3v3v,5.34
4i7l,3.99
4frj,6.55
4jv6,6.66
3jsw,7.18
2qn1,4.77
1o86,9.57
1c9d,6.3
4feq,5.96
5em6,8.4
1eoc,6.05
4omk,4.4
3wke,8.89
4g0k,5.37
4awk,6.89
3wk9,4.15
4l2l,5.7
3h1z,4.66
4d8i,6.69
3dz5,8.15
4dfn,7.7
1xnz,6.62
1ody,8.1
2osm,6.2
2w0p,6.52
3nyn,6.0
1g5f,2.64
4mrz,3.52
3l4u,7.52
3ggu,9.77
3tiz,3.82
4l7o,4.88
3zep,7.66
3n7o,7.14
3ken,5.4
2clv,7.88
1tkz,6.62
3u1y,8.67
1iq1,7.46
3s5y,7.41
4gj3,8.85
3iod,4.1
2j3q,6.15
4ie7,5.05
4oeu,7.66
5ael,7.41
2ylo,4.88
3bhb,8.47
2flh,3.97
4dgg,6.1
2p2a,6.12
3fvg,6.89
1ouk,9.89
4gkc,6.82
2lsp,3.56
4c61,8.4
1fl3,6.8
4qy3,6.82
4iuv,5.72
5cs3,2.15
3p5k,7.12
3b7j,5.17
1dl7,6.49
4l34,6.94
3si3,4.16
1dpu,6.0
5dtj,4.47
1mrw,9.7
1qj6,7.74
10gs,6.4
3rx7,6.03
2wyg,8.7
4g3e,8.38
2bb7,5.67
4bis,5.85
1f0t,6.0
3vvz,4.58
4bdg,4.12
3ooz,7.85
3dz4,6.4
4x3s,5.89
2r0z,5.47
4k66,3.26
4j9a,8.22
1u9q,8.33
4c94,5.05
3hub,8.09
1ov3,6.72
3pj2,5.14
1cps,6.66
3s9e,5.13
4rac,7.52
1p7m,4.38
1om9,4.15
2mc1,4.15
2wd3,7.07
4lgh,8.7
3qai,8.1
4b6e,2.3
2gj4,6.5
4m13,6.7
3zeb,6.13
4gxs,4.0
4d0x,8.1
3ig6,7.6
4wsj,7.33
4y8c,7.96
2wj2,8.33
4piq,7.1
4jsc,7.13
3ocb,8.3
3uw5,7.85
1uz4,3.4
1zz2,5.22
1hty,1.4
1ad8,6.6
4gsy,6.92
3sl8,6.54
1mu6,8.38
2wvz,4.02
4knr,5.74
4wks,2.7
2jdn,5.56
3qaa,11.54
2r6w,9.36
1z5m,7.52
2q72,2.68
3dgn,6.21
3g3r,6.48
3s3r,8.68
3rxe,4.76
3qj0,5.2
3fu5,4.12
3odl,7.21
2gtv,5.15
1w1g,7.68
2fl2,8.7
4ctk,2.0
2pk6,10.89
3tvw,4.43
4c1w,9.41
4jlh,5.4
5em7,7.72
4gtp,7.94
2fq6,7.1
1w2x,5.14
1ouy,8.37
2wl5,4.52
4rfd,8.05
3sxf,8.6
3rt8,6.35
2vv9,7.77
1enu,5.08
3u1i,5.25
4l51,3.0
4a9t,7.15
3inf,7.4
1svh,6.44
4zhm,8.05
3tl5,7.85
2qtg,5.08
4k3l,2.96
4g0a,7.6
4loi,6.77
5apr,7.77
4mbf,5.77
1eed,4.79
3sfg,6.06
3jq7,5.92
3gtc,2.35
2ygf,5.09
4len,7.4
3hv6,5.64
1nlo,5.47
2h6k,5.06
1xow,9.28
4b1j,7.3
4iks,5.14
3bti,6.14
1i7m,9.64
3wnt,6.28
1jlq,8.15
4mho,5.08
2lcs,6.7
3ml5,8.52
4z6h,6.21
2wf3,7.72
5ew3,8.92
4wr7,11.7
3sb0,5.26
5ais,6.24
3ds0,4.83
4djr,11.52
3orn,9.62
3jwr,8.07
4qz2,5.21
1vyg,8.0
1qf0,7.38
3vhe,8.21
3qwc,4.26
4qvy,5.09
1r17,6.42
2br8,7.49
3b3s,2.55
1gag,6.12
3mhm,7.0
3uig,5.32
4ai8,4.0
4zb8,6.03
3vfb,9.04
3da6,8.7
4uvc,6.88
4o2c,8.0
5al5,7.15
4yrc,2.7
3i1y,8.15
3nii,4.23
3btl,5.96
4ew2,6.68
4x6k,5.31
3l4y,7.0
1axz,3.2
4c52,5.68
3rg2,4.2
4y5d,5.92
2zgm,1.79
4p1u,8.52
4obv,0.75
3diw,6.72
1mns,4.17
1o42,8.05
4k0u,7.26
3i7c,7.74
1hiv,9.0
3g3n,6.29
4y32,4.05
4us4,5.32
1tyr,7.0
3nzk,9.27
3f33,3.34
2h9m,4.46
2r75,6.15
2brm,5.89
1gfy,5.08
5awj,9.68
3gol,7.09
4kwg,6.0
4u0f,5.92
4gsc,5.85
2x91,6.74
3n75,7.89
2gfk,4.52
1rbo,12.72
3bpr,4.95
3axm,5.07
1nhw,4.84
3wix,6.27
2fix,6.24
4qvl,6.53
3efr,5.08
3rjc,5.24
1j4p,4.99
4x3k,4.56
1o3j,6.77
2ygu,6.49
1q54,5.85
2qtr,5.49
4bek,4.39
4rx9,7.89
1pb9,3.62
2fw6,2.92
4fhh,7.46
4e3o,6.51
3qxm,7.48
4bty,7.7
4nb3,7.66
2hw2,2.97
3lp4,4.88
4x7n,8.22
1p04,7.4
3iqv,5.18
2x7o,7.47
4hys,7.26
3gdt,7.19
3d1z,8.8
2f80,8.18
5ap5,7.97
3abu,5.62
3cde,7.66
3l5b,3.91
4btb,5.01
4ask,7.22
2vh0,8.51
3dpf,7.24
4hbw,5.32
5acx,5.05
3i5z,8.7
2y0j,7.92
3ogm,7.32
1sc8,7.44
3iut,6.34
4rn2,5.82
1hlf,5.64
4mjo,6.22
2wp1,3.6
4cpq,7.74
4jln,7.78
2wqb,6.27
4l7c,5.13
4y29,6.25
2uyw,13.0
2f6j,5.57
4br3,5.72
1fvt,7.22
4oz2,3.0
4pnr,6.34
5cwa,4.77
2oht,5.04
2z52,5.57
4r07,5.32
3nnu,7.32
1d4k,9.22
3kpw,4.85
2y5f,8.7
3ckz,8.72
3t64,6.7
2ha6,4.32
4gki,4.46
4q4s,6.95
4i6h,8.3
1bzj,4.66
1w4q,5.26
3pcc,3.62
3o1e,5.74
1w13,8.7
1f1j,8.8
1n3i,8.89
4l23,7.75
1cj1,8.8
3vtr,5.57
3ama,6.53
4zzz,7.06
2jbu,3.4
4bcq,6.83
1tsi,3.48
4l3p,5.92
5c1m,10.8
1pb8,5.15
4u91,6.83
4nzb,4.17
3ff3,3.57
3py1,6.89
3lbz,3.86
2xye,8.34
3cd5,7.9
4n8r,5.0
1k27,9.0
4ibg,3.97
1a61,8.62
3fw4,9.4
4xaq,7.14
4yv5,6.22
3qfz,3.24
4mrf,1.95
3q3b,7.76
3m6r,7.49
2z8e,8.0
4hs6,7.52
5d6p,5.6
3l3a,6.38
3ipx,6.92
3p4w,4.57
2q2c,6.38
2vfk,3.71
4q99,6.28
1zfp,7.59
5av0,3.55
4u5t,6.7
4b3b,3.6
3t4v,6.3
1hvk,10.96
3fsm,7.0
3fkv,7.57
4jpc,7.03
3nu4,8.82
3p3r,7.25
1il4,2.85
2vd0,4.94
4u0i,8.22
3gjq,5.33
4wpn,6.68
3b2w,9.22
2p8n,3.15
3tg5,4.7
4eok,5.07
2gmv,6.2
4klv,3.78
4nw2,4.54
1z1r,9.22
1swi,3.1
5e13,4.24
3fpd,6.15
3zy2,6.46
1uwu,5.98
4ax9,9.57
3oaw,8.15
2ews,6.62
1ctu,11.92
1kui,3.77
2asu,9.0
2itp,7.95
2woa,5.94
4aof,7.1
1b55,7.4
2xeg,10.7
3hac,8.17
1xp6,9.4
4hyh,9.0
2ay1,2.29
4h4b,2.7
3ow6,6.66
3d51,4.15
4u01,8.46
4mxc,8.17
4btm,5.39
3eg6,5.77
5d1r,4.84
2vt3,4.15
3qkd,8.38
1b51,7.37
1rm8,9.0
4e93,6.93
3qiy,5.34
3rwq,7.46
3e51,7.85
1sjh,8.05
3og7,7.51
4ycu,5.48
2zgx,6.74
5amg,8.22
1hyv,2.3
4ehr,7.89
1b5j,7.43
1bv9,9.96
2cfg,7.44
3r9n,5.85
3vbd,8.07
4op3,8.15
5aix,7.92
3qxv,8.4
4azy,6.7
4uyh,6.3
3nu5,8.35
4wx6,9.0
3v4j,5.04
2x7c,5.7
2cle,3.55
2hl4,7.64
1m51,4.73
1ms0,2.91
4ob1,6.3
2rcw,8.1
1e55,4.12
1h4w,4.66
4abi,8.2
1g9b,5.3
4poj,8.1
4wj5,6.29
2og8,9.3
3wyk,7.64
1fkn,8.8
1ugx,5.91
3ti1,3.89
5alz,8.22
2ds1,8.47
1rp7,8.52
2h2h,4.98
2pze,6.08
3eta,7.85
3h85,5.22
4a9m,6.3
4zly,5.46
1f2o,1.91
1rql,2.75
2pk5,10.7
4bfd,7.02
1qi0,2.35
4a4g,2.99
2xui,15.0
1h8l,7.47
4gzf,8.36
2xn6,8.8
1hxw,10.82
3g2h,3.82
1xn2,10.52
4ayp,6.12
3ern,1.72
1rwq,10.0
1jif,6.2
2q8y,3.99
2cmo,6.4
3ccw,7.87
1acj,8.09
3arx,5.33
4aj4,3.89
4n00,8.02
2o9i,7.4
2c6g,3.37
2zis,8.55
1dva,8.07
3ipq,7.57
2jke,4.23
1uys,3.6
4frs,8.77
3pke,3.6
4i5h,8.7
1s50,7.2
4bbf,8.66
4r4q,5.09
4ozj,5.4
3muz,3.46
3ppk,8.85
2z4y,6.15
4abf,4.62
4iz0,4.0
1bai,7.7
4deg,8.22
4cu8,4.47
4q9s,3.81
4bcg,8.15
1gi6,6.22
1g3c,5.8
3if7,7.21
1okw,5.25
4erf,9.4
4kql,8.77
1jys,3.52
3e8u,9.42
4i6q,7.52
4asy,4.22
3hau,6.38
1xap,8.7
4lkm,6.34
2ptz,7.82
3rxh,1.8
4psb,4.64
2kup,6.7
2ym4,5.82
4hev,6.34
4xdo,4.08
2b54,7.7
4ew3,6.74
3d7d,7.85
3psl,6.89
3g9e,7.72
2wej,6.08
1xh7,6.82
1lcj,9.0
1ypj,7.02
3ur0,7.15
5prc,4.89
4cga,6.4
1bm2,6.96
3kqb,9.3
3k3a,7.08
1uvs,5.4
3gss,5.82
4fs3,7.85
4yuz,5.04
4c4j,8.52
1ec1,8.92
1hqg,3.0
3e7o,6.92
3uh2,6.0
1qk3,5.15
1noj,3.15
1nfx,8.52
1koj,6.7
4yt6,7.96
1xud,8.1
2oji,7.07
3zm9,7.42
3fc8,5.39
1ewj,7.49
2e9a,6.04
2ybs,4.59
3l16,7.48
3kr5,7.89
3r93,6.51
4g8m,7.89
4ght,5.78
3nq3,3.78
3igg,7.18
1qpl,8.51
4kai,7.3
1vrt,7.1
4wj7,4.89
2liq,5.85
1idg,7.19
4ep2,5.35
4bf6,8.35
2zx6,10.6
1hnn,6.24
2fwy,6.7
4o4k,3.7
4euc,6.1
1xuo,7.16
1txr,7.74
2pax,6.74
4y2s,4.28
1w1y,2.62
3g42,6.85
3gsm,6.48
2m0o,5.38
1t48,3.46
4xm8,3.02
4jgv,6.57
2w08,3.42
3jwq,7.6
4mp2,5.45
7abp,6.46
1akt,8.49
4ucc,4.32
1a2c,6.3
3fvl,6.07
4c1y,3.6
5alf,6.69
4lsj,9.57
4gwi,3.69
4ie4,5.48
3ej5,3.57
2clm,3.55
4pg3,7.85
4j8s,5.7
3ljg,7.73
1yrs,6.35
2r02,5.1
3m54,5.89
3ndm,7.96
3gbq,5.46
4hws,9.1
1xug,7.05
1hpv,9.22
3u4o,7.28
1e03,9.4
3gwu,4.71
3lp0,6.96
4l0t,7.18
3drf,7.0
1jq3,6.7
4mw6,5.78
3s72,6.4
1o2t,7.85
3zya,7.0
1tni,4.0
4q83,4.19
1hy7,5.39
3qlb,8.43
2j34,7.82
2wi2,3.46
1hvl,9.95
2adu,7.74
1t49,4.66
2pyy,4.6
4jnm,8.52
2oqi,8.49
2ou7,3.81
4qqc,7.34
3rm9,4.77
4dcx,4.5
4lwt,5.41
2q1l,7.91
3nox,8.66
1czo,4.55
3f5k,4.62
4ibk,4.3
3q2a,5.3
1b38,6.6
5ct2,2.92
1aze,4.22
4p74,5.0
3ilq,5.21
4uof,4.84
1y2c,6.57
4gw6,6.2
2zdk,6.37
2a8h,7.17
1uym,6.0
3ce3,8.74
3zmi,5.95
4z84,5.82
2x2l,5.28
3zs1,6.4
1alw,6.52
2xzw,5.29
3b2t,5.21
1h25,5.74
4qzs,7.05
4esg,5.56
3t6r,5.66
2ow2,8.22
4utr,6.15
3skh,6.05
4ocz,9.18
1e5j,4.0
4a4v,6.54
3pb9,6.58
4gzw,4.52
4loh,6.96
5afm,4.15
4c6v,4.59
4nwk,8.7
9lpr,5.7
1k3t,4.19
4x24,9.78
4awj,2.0
2iko,5.45
3w69,7.24
4edy,5.83
2h23,4.67
3dkg,5.0
2ay5,2.59
4ovf,4.13
4r7m,7.96
1rw8,6.76
4er4,6.8
3vsx,8.85
4rvm,9.0
3l3l,7.48
3s3o,7.57
1elb,7.15
1k2i,3.11
1f3e,6.7
1gar,10.0
4c72,5.09
3l7g,3.3
4rvr,6.87
1tka,6.1
1t2v,6.4
4ci3,6.81
4gah,6.1
1egh,5.7
3oyn,7.6
4k5p,3.46
2zq2,6.56
4omc,10.78
4uit,6.7
2zp0,7.6
2pj7,7.77
2vtr,5.82
3tkm,9.0
4knm,8.0
3rz0,7.55
1lcp,6.64
4avg,7.22
4h3f,9.0
1fj4,4.59
5bwc,7.21
2jbl,5.89
3mww,7.24
4wri,9.01
1kne,5.6
3ipy,6.29
2xxy,7.89
2prj,4.49
4caf,7.12
3loo,6.07
3gyn,7.21
5alk,6.6
3feg,4.35
3tay,3.38
4pni,6.09
2i4x,11.72
1yy6,6.07
3u81,4.44
2fo4,7.22
2xei,10.62
5alb,10.71
1w0y,6.42
4h4d,6.82
3a1s,4.83
2ax6,7.57
4b2i,3.0
3ogx,6.48
2ltw,4.22
3rxi,3.06
3g0e,7.7
4idn,5.24
1gyx,2.48
4ajw,5.86
4b71,5.89
1drj,7.4
4zuq,6.89
3cyw,7.77
4mi9,3.42
3p79,5.64
1b8y,7.85
2ntf,6.52
4gs6,7.15
4d1c,5.7
2i4p,5.7
4b78,5.0
1om1,6.77
3obx,3.89
3d8w,8.15
9hvp,8.35
3i4a,4.28
4qpl,7.41
3kmx,4.82
3fej,6.13
3aas,4.51
2v3u,3.0
4dh6,7.77
3eyh,7.7
3spf,3.86
1db4,7.24
1p06,6.27
1nfw,8.96
4ruy,7.89
3c1n,5.5
2isw,7.43
2h02,6.49
1u6q,5.88
4lzr,4.7
4q0l,7.7
1f8d,3.4
1fh7,5.24
3iph,7.6
4z46,2.82
2w6n,6.9
4dx9,5.3
4u4x,5.01
3uu1,5.2
4ajk,3.11
4imz,6.92
2x8d,6.1
3h26,4.49
3kb3,6.82
4x3r,11.07
3dk1,9.74
3dkf,8.57
3ess,6.39
4mr4,5.94
3i91,3.3
4avt,8.06
1pu8,3.1
2zlg,5.59
2g70,7.77
4otw,9.28
1o3k,6.77
1c5y,4.2
3duy,5.85
1me4,6.84
1o4a,6.92
3lpl,5.62
3wbl,4.64
2qqs,6.4
1hiy,3.08
4m5u,7.96
4ctj,2.51
4pkt,4.83
4ke1,8.6
2bo4,4.61
3lce,3.81
4ayu,4.73
3ibl,7.84
4iue,6.55
1k1n,6.82
4bo1,7.3
4drn,5.24
1axr,3.27
3qbn,8.23
3ij0,4.88
4kz5,2.0
1zhy,6.52
2y7p,5.47
4xip,6.63
3e3c,5.62
3kl8,6.92
1nje,3.8
3nf9,3.54
2ww2,4.85
5c91,3.61
2x81,8.3
4a7c,8.22
4ju3,7.07
3fz1,7.92
3bls,5.14
4tqn,6.11
2q7y,4.3
3e9i,6.22
1pxl,6.05
1bap,6.85
3uib,6.8
4f6u,6.15
3c79,7.2
4mre,2.19
4fl1,3.28
4dvi,6.72
4o37,6.16
4bky,7.92
3qqk,4.82
4ryc,7.1
2r3w,6.89
3rxb,2.66
2wuu,7.16
5cal,7.66
4lm0,3.25
4m3e,6.25
1k1y,3.22
3hiv,8.12
5cjf,9.59
1rbp,6.72
2vrj,6.3
3ti8,9.05
3ask,6.43
2qpj,6.35
